ETV1	ADA	0
IRF9	TANK	0
ZNF683	LINC00892	0
HMGA1	OST4	0
MSC	GABPB1-AS1	0
EOMES	LINC00861	0
RUNX2	LOC100130872	0
MAF	LOC100131347	0
JUNB	CCDC18-AS1	0
HIF1A	NBPF10	0
MSC	MSC-AS1	0
ZNF48	NDUFB2-AS1	0
MAF	BCL2L11	0
HMGA1	LINC00426	0
ZNF83	RASA4B	0
STAT4	ANAPC1P1	0
IKZF3	LOC100289511	0
TSC22D3	MIR1282	0
MSC	PCNA-AS1	0
ZNF83	MIR1244-2	0
FOSB	SH2D3C	0
MXD3	MIR3917	0
ZNF91	MIR3615	0
HIVEP3	SH3BP5-AS1	0
ZGPAT	ITGB2-AS1	0
TRPS1	ADD3-AS1	0
ZNF48	LINC00963	0
MAF	PXN-AS1	0
CREB3L2	EBLN3P	0
ZNF91	MIR497HG	0
ZNF683	TRG-AS1	0
ID2	SNHG16	0
RBPJ	LOC100507412	0
SP100	PSMB8-AS1	0
BHLHE40	BHLHE40-AS1	0
FOSB	SMC4	0
TSC22D3	ATP5J2-PTCD1	0
RBPJ	GIMAP1-GIMAP5	0
MXD3	PMF1-BGLAP	0
IRF1	BLOC1S1-RDH5	0
MXD3	POC1B-GALNT4	0
ZNF48	FKBP1A-SDCBP2	0
CREB3L2	KLRC4-KLRK1	0
IKZF3	NEDD8-MDP1	0
TSC22D3	SERF2-C15ORF63	0
ZNF48	RNASEK-C17orf49	0
ZBTB20	RPS10-NUDT3	0
KLF13	CKLF-CMTM1	0
ZNF83	MINOS1-NBL1	0
STAT4	UBE2F-SCLY	0
MXD3	SENP3-EIF4A1	0
TSC22D3	SLMO2-ATP5E	0
HMGA1	SAE1	0
FOXP1	MIR4680	0
STAT4	MIR3064	0
STAT4	MIR5047	0
FOSB	MIR4761	0
ZNF48	MIR4632	0
HIF1A	HIF1A-AS2	0
KLF6	TSPAN32	0
PHTF1	ARPC5	0
ZNF48	ARPC4	0
NCOR1	ARPC3	0
HMGA1	ARPC1B	0
ZBTB20	ACTR3	0
MSC	ACTR2	0
ETV1	TSPAN5	0
KLF13	ADAM8	0
HMGA1	PPIF	0
IKZF3	ARPC2	0
KLF6	ARL4C	0
SP100	ACTR3	0
MXD3	NEDD8-MDP1	0
IKZF3	ANAPC1P1	0
ID2	LOC100289511	0
KLF13	SH3BP5-AS1	0
ZNF48	MIR5047	0
ID2	ADAM8	0
STAT4	NEDD8-MDP1	0
IKZF3	ARPC1B	0
MXD3	BLOC1S1-RDH5	0
BATF	PCNA-AS1	0
PHTF1	ANAPC1P1	0
KLF6	PCNA-AS1	0
RUNX3	RASA4B	0
PRDM1	LOC100131347	0
KLF10	MIR3917	0
STAT3	GABPB1-AS1	0
SP100	ARPC2	0
MXD3	ARPC5	0
ZGPAT	ARPC1B	0
KLF10	LOC100131347	0
ZNF683	CKLF-CMTM1	0
ZNF91	MIR5047	0
ZNF91	ADA	0
TBX21	SNHG16	0
HMGA1	ADA	0
PHTF2	LOC100130872	0
SP100	ARPC3	0
ETV1	ARPC4	0
MAF	ADAM8	0
ETV1	ARPC1B	0
ID2	UBE2F-SCLY	0
KLF12	POC1B-GALNT4	0
ZNF48	MIR3615	0
HIVEP2	ARPC5	0
TOX	GIMAP1-GIMAP5	0
SP100	SNHG16	0
TRPS1	RASA4B	0
BATF	MIR5047	0
FOS	MIR1282	0
HIVEP2	SAE1	0
HMGA1	PCNA-AS1	0
KLF13	LOC100130872	0
FOS	MIR4761	0
STAT4	EBLN3P	0
ID2	RASA4B	0
TSC22D3	OST4	0
ZNF91	ANAPC1P1	0
ZNF48	LOC100130872	0
RUNX2	BCL2L11	0
ZGPAT	ADA	0
LYAR	OST4	0
CREB3L2	NEDD8-MDP1	0
ZNF276	TSPAN32	0
HIVEP2	NEDD8-MDP1	0
FOSB	RPS10-NUDT3	0
HIVEP2	POC1B-GALNT4	0
ZNF48	PMF1-BGLAP	0
FOXP1	ANAPC1P1	0
IRF1	OST4	0
STAT4	SNHG16	0
ZNF683	MIR4632	0
RBPJ	BCL2L11	0
PHTF1	CCDC18-AS1	0
ETV1	RASA4B	0
MSC	ARL4C	0
MAF	KLRC4-KLRK1	0
CREM	LOC100289511	0
KAT7	TSPAN32	0
KLF10	PCNA-AS1	0
ZNF48	CCDC18-AS1	0
IRF1	ADAM8	0
CREM	LOC100130872	0
MXD3	ANAPC1P1	0
ID2	LOC100507412	0
ETV1	LINC00963	0
KLF13	ARPC4	0
ZNF48	ITGB2-AS1	0
FOSB	ARPC1B	0
TRERF1	ADD3-AS1	0
MSC	ADD3-AS1	0
NFKBIA	ANAPC1P1	0
NFKBIA	GIMAP1-GIMAP5	0
FOS	SERF2-C15ORF63	0
TSC22D3	PXN-AS1	0
ZBTB20	SH2D3C	0
TRPS1	TSPAN32	0
ATRX	NEDD8-MDP1	0
ZNF683	BLOC1S1-RDH5	0
MAF	PCNA-AS1	0
ARID4B	ANAPC1P1	0
RBPJ	LINC00861	0
STAT4	TSPAN5	0
MXD3	ARPC3	0
SP100	TSPAN32	0
BATF	LOC100130872	0
PHTF1	SAE1	0
ZNF48	OST4	0
ATRX	GABPB1-AS1	0
HMGA1	KLRC4-KLRK1	0
ZNF83	ADAM8	0
NCOR1	RASA4B	0
PHTF2	MIR497HG	0
FOS	MIR5047	0
ID2	CCDC18-AS1	0
ZNF83	ARPC2	0
ID2	TSPAN32	0
ZNF83	CCDC18-AS1	0
HOPX	PXN-AS1	0
IKZF3	UBE2F-SCLY	0
TOX	ARPC2	0
TRPS1	POC1B-GALNT4	0
BATF	SMC4	0
TRERF1	PXN-AS1	0
RBPJ	MIR5047	0
ETS1	CCDC18-AS1	0
BATF	ARPC5	0
NFKBIA	LOC100131347	0
STAT1	GABPB1-AS1	0
KDM5B	ADD3-AS1	0
LYAR	ARPC5	0
ZNF48	LOC100131347	0
HOPX	BCL2L11	0
TOX	LOC100131347	0
EOMES	ADD3-AS1	0
HOPX	LOC100507412	0
CREB3L2	TSPAN32	0
KDM2A	PPIF	0
PRDM1	BCL2L11	0
ETV1	ARPC3	0
IRF1	SH2D3C	0
ID2	ACTR3	0
ZNF683	LOC100131347	0
MAF	UBE2F-SCLY	0
BATF	NEDD8-MDP1	0
MXD3	SAE1	0
ID2	CKLF-CMTM1	0
NFATC2	GABPB1-AS1	0
STAT4	ADAM8	0
TSC22D3	MIR4632	0
MAF	BLOC1S1-RDH5	0
CREM	TSPAN5	0
KDM5B	POC1B-GALNT4	0
BCL11B	NBPF10	0
BCL11B	MIR1282	0
KLF13	LINC00892	0
ETV1	GIMAP1-GIMAP5	0
ID2	POC1B-GALNT4	0
MSC	MIR1282	0
LYAR	BLOC1S1-RDH5	0
ZBTB38	CCDC18-AS1	0
STAT3	ARPC4	0
ZNF48	ACTR3	0
ATF6B	SH2D3C	0
LYAR	ATP5J2-PTCD1	0
PRDM1	ARPC2	0
KLF10	MIR5047	0
KLF13	ARPC5	0
ETV1	SH3BP5-AS1	0
KMT2A	ADA	0
TSC22D3	BCL2L11	1
KLF10	LOC100507412	0
KLF10	ARPC3	0
KLF12	MIR4680	0
NFKBIA	MIR5047	0
ZNF48	ADA	0
SP100	POC1B-GALNT4	0
ETV1	KLRC4-KLRK1	0
PRDM1	SH2D3C	0
LYAR	MIR1282	0
TRPS1	MIR5047	0
ETS1	PMF1-BGLAP	0
KLF10	MIR497HG	0
NR3C1	ADAM8	0
CREM	MIR1282	0
KLF12	ARPC5	0
BCL11B	GIMAP1-GIMAP5	0
KLF13	UBE2F-SCLY	0
HOPX	ARPC2	0
BCL11B	NEDD8-MDP1	0
IKZF1	GABPB1-AS1	0
LYAR	ADA	0
CREM	NBPF10	0
KLF10	RNASEK-C17orf49	0
FOXP1	MIR1244-2	0
LRRFIP1	RPS10-NUDT3	0
HMGA1	ADAM8	0
KLF13	ARL4C	0
TSC22D3	ANAPC1P1	0
PHTF2	ADAM8	0
ETV1	MIR4632	0
ZNF91	LOC100507412	0
RUNX2	GIMAP1-GIMAP5	0
ID2	TRG-AS1	0
STAT3	EBLN3P	0
HOPX	MIR4761	0
TRERF1	LOC100131347	0
TOX	BLOC1S1-RDH5	0
IKZF3	ARL4C	0
MAF	OST4	0
MXD3	PPIF	0
LYAR	ADD3-AS1	0
ZNF48	LOC100507412	0
ZNF276	CCDC18-AS1	0
ATF6B	LOC100130872	0
KAT7	ADD3-AS1	0
TSC22D3	KLRC4-KLRK1	0
NFKBIA	MIR3064	0
CREB3L2	MIR4761	0
ZNF91	MIR3064	0
ZNF48	LINC00861	0
HMGA1	RPS10-NUDT3	0
STAT1	LOC100289511	0
MSC	PSMB8-AS1	0
NFATC2	ARPC1B	0
NFKBIA	MIR1244-2	0
MXD3	ARPC2	0
IKZF1	MIR5047	0
TBX21	ARPC1B	0
FOSB	LOC100130872	0
SP100	SAE1	0
CREM	SERF2-C15ORF63	0
NFKBIA	RPS10-NUDT3	0
KLF10	BLOC1S1-RDH5	0
IRF1	LINC00892	0
MAF	ARPC1B	0
CREB3L2	LOC100130872	0
TSC22D3	SH2D3C	0
ZNF83	ANAPC1P1	0
TSC22D3	TSPAN5	0
DNAJC1	GABPB1-AS1	0
STAT4	SAE1	0
MXD3	PCNA-AS1	0
SP100	ARPC4	0
HIF1A	NDUFB2-AS1	0
ZNF91	ADAM8	0
IRF7	MIR5047	0
KLF10	ADA	0
TRPS1	ADA	0
MXD3	EBLN3P	0
NCOR1	LOC100130872	0
ZNF683	LOC100289511	0
MXD3	MIR3064	0
MSC	ARPC1B	0
SP100	EBLN3P	0
TBX21	BCL2L11	0
ZBTB20	ARPC1B	0
ZNF276	GIMAP1-GIMAP5	0
HOPX	ANAPC1P1	0
ZNF683	SH2D3C	0
STAT1	NEDD8-MDP1	0
BCL11B	ACTR3	0
TOX	PPIF	0
PHTF1	ACTR3	0
JUNB	MIR497HG	0
CREM	ARPC2	0
KLF13	BCL2L11	0
TOX	ADAM8	0
SP100	RASA4B	0
PHTF2	TSPAN5	1
ETV1	LOC100131347	0
PRDM1	ARPC5	0
FOSB	NEDD8-MDP1	0
PHTF2	MIR4632	0
ZNF48	LINC00892	0
MSC	SNHG16	0
FOS	POC1B-GALNT4	0
ETS1	NEDD8-MDP1	0
TRERF1	NBPF10	0
TRPS1	EBLN3P	0
STAT1	ARPC4	0
ZNF683	RPS10-NUDT3	0
STAT1	RASA4B	0
ATF6B	RNASEK-C17orf49	0
KLF6	MIR1244-2	0
KDM5B	SH2D3C	0
TBX21	MIR3917	0
KLF13	ARPC1B	0
FOXP1	BLOC1S1-RDH5	0
HMGA1	SENP3-EIF4A1	0
HIVEP2	ARPC3	0
HIVEP3	ARL4C	0
NFATC2	LOC100131347	0
TRPS1	KLRC4-KLRK1	0
ZNF652	LOC100130872	0
TBX21	SH2D3C	0
BCL11B	TANK	0
IKZF3	RASA4B	0
RUNX2	RPS10-NUDT3	0
ETV1	NBPF10	0
ZNF48	PCNA-AS1	0
JUNB	RNASEK-C17orf49	0
MSC	LOC100507412	0
BHLHE40	RASA4B	0
MAF	GABPB1-AS1	0
MSC	PPIF	0
MAF	TSPAN32	0
MAF	FKBP1A-SDCBP2	0
MAF	ARPC5	0
RBPJ	SENP3-EIF4A1	0
TSC22D3	SH3BP5-AS1	0
IRF7	EBLN3P	0
ZNF48	POC1B-GALNT4	0
CREB3L2	ARL4C	0
NFKBIA	GABPB1-AS1	0
NFATC2	ITGB2-AS1	0
KDM2A	ARPC3	0
NFATC2	NBPF10	0
MSC	OST4	0
TSC22D3	ARPC1B	0
ATRX	LOC100289511	0
ZNF652	PPIF	0
STAT1	MIR497HG	0
IKZF1	MIR3064	0
CREM	MIR4632	0
TRERF1	ITGB2-AS1	0
ZBTB38	SMC4	0
STAT3	MIR497HG	0
SP140	NEDD8-MDP1	0
PHTF2	MIR3064	0
KDM5B	LOC100289511	0
ZNF48	LOC100289511	0
ETS1	ADD3-AS1	0
RUNX3	ITGB2-AS1	0
HMGA1	PMF1-BGLAP	0
ZNF48	TANK	0
MXD3	TSPAN5	0
HIVEP3	ARPC5	0
MAF	PMF1-BGLAP	0
ATRX	TANK	0
ZNF83	GIMAP1-GIMAP5	0
ZNF48	NEDD8-MDP1	0
IRF1	SLMO2-ATP5E	0
RBPJ	UBE2F-SCLY	0
ZNF292	SAE1	0
ZNF652	LOC100507412	0
PHTF2	PMF1-BGLAP	0
ZNF683	LOC100130872	0
BATF	MIR3064	0
LRRFIP1	ACTR3	1
IRF7	MIR3064	0
ATF6B	BLOC1S1-RDH5	0
IKZF1	MIR497HG	0
HIVEP3	ATP5J2-PTCD1	0
ID2	PPIF	0
KDM5B	RNASEK-C17orf49	0
HIF1A	MIR1244-2	0
ZGPAT	SH2D3C	0
TSC22D3	ITGB2-AS1	0
LRRFIP1	RNASEK-C17orf49	0
KLF6	MIR4632	0
HIVEP3	BCL2L11	0
IKZF3	BCL2L11	0
KLF12	RPS10-NUDT3	0
ID2	MIR3917	0
ZBTB38	LOC100289511	0
PHTF1	ADD3-AS1	0
MSC	ARPC3	0
ZNF48	PPIF	0
ZGPAT	NBPF10	0
ZGPAT	CCDC18-AS1	0
ZNF48	RASA4B	0
KDM5B	SH3BP5-AS1	0
CREB3L2	TSPAN5	0
ZBTB38	CKLF-CMTM1	0
IRF1	LOC100289511	0
FOSB	ARPC2	0
KMT2A	ARPC5	0
JUNB	TSPAN32	0
HMGA1	NDUFB2-AS1	0
PRDM1	MIR4632	0
ARID4B	PCNA-AS1	0
RUNX2	ARPC5	0
MAF	TANK	0
STAT3	MIR4632	0
ZNF48	CKLF-CMTM1	0
LYAR	SERF2-C15ORF63	0
BATF	TANK	0
EOMES	ITGB2-AS1	0
HIF1A	MIR1282	0
ZNF48	MIR4680	0
ZEB2	GABPB1-AS1	0
NFKBIA	ADD3-AS1	0
FOSB	ATP5J2-PTCD1	0
MAF	LINC00892	0
ID2	MIR4761	0
ID2	KLRC4-KLRK1	0
ZBTB38	OST4	0
IKZF3	TSPAN5	0
KDM5B	CCDC18-AS1	0
DNAJC1	OST4	1
HIF1A	PXN-AS1	0
NFATC2	BLOC1S1-RDH5	0
MXD3	MIR497HG	0
ZNF48	TSPAN5	0
KLF13	NEDD8-MDP1	0
IRF7	TANK	0
ZNF48	SLMO2-ATP5E	0
FOSB	RNASEK-C17orf49	0
NCOR1	SLMO2-ATP5E	0
MAF	NEDD8-MDP1	0
ID2	LOC100130872	0
ETV1	PMF1-BGLAP	0
CREM	PCNA-AS1	0
NFATC2	PXN-AS1	0
TBX21	PXN-AS1	0
KDM2A	MIR3615	0
ZNF48	ARPC1B	0
STAT3	UBE2F-SCLY	0
KLF12	SNHG16	0
PHTF1	POC1B-GALNT4	0
ZNF48	GIMAP1-GIMAP5	0
IRF1	PCNA-AS1	0
ZBTB20	ARPC4	0
ATF6B	PSMB8-AS1	0
KDM2A	NEDD8-MDP1	0
LRRFIP1	LINC00963	0
HIVEP2	ANAPC1P1	0
FOS	ARL4C	0
TSC22D3	MIR4680	0
HOPX	KLRC4-KLRK1	0
EOMES	PXN-AS1	0
HIF1A	ACTR2	0
IRF1	ARPC2	0
TSC22D3	UBE2F-SCLY	0
MXD3	LOC100131347	0
ZGPAT	ADAM8	1
ZNF292	ARPC3	0
RBPJ	MIR4680	0
BATF	MIR3917	0
TRERF1	MIR5047	0
PHTF2	MIR5047	0
ATF6B	EBLN3P	0
KLF10	ARPC1B	0
ARID4B	KLRC4-KLRK1	0
ATRX	ADD3-AS1	0
NCOR1	SNHG16	0
KLF10	TRG-AS1	0
FOS	MIR3064	0
ETS1	RNASEK-C17orf49	0
CREB3L2	ADAM8	0
BCL11B	SLMO2-ATP5E	0
TBX21	ANAPC1P1	0
HIVEP3	ANAPC1P1	0
FOSB	SENP3-EIF4A1	0
KLF12	SMC4	0
NFATC2	ADA	0
RUNX3	NEDD8-MDP1	0
EOMES	MIR4761	0
DNAJC1	LOC100507412	0
NR3C1	BCL2L11	0
HIVEP3	MIR3064	0
ARID4B	LOC100289511	0
ZNF83	ADD3-AS1	0
TRPS1	ARL4C	0
ZNF91	SNHG16	0
NFATC2	ATP5J2-PTCD1	0
CREB3L2	CCDC18-AS1	0
ZNF276	SH3BP5-AS1	0
CREB3L2	ACTR2	0
SP140	MIR5047	0
MXD3	MINOS1-NBL1	0
LRRFIP1	LOC100289511	0
ZNF276	MIR4761	0
BHLHE40	ACTR3	0
LRRFIP1	NEDD8-MDP1	0
FOSB	UBE2F-SCLY	0
RBPJ	MIR3064	0
ATRX	LOC100507412	0
ZBTB20	MINOS1-NBL1	0
RUNX3	SH3BP5-AS1	0
IRF9	LOC100289511	0
DNAJC1	RASA4B	0
CREB3L2	SH2D3C	0
STAT4	PCNA-AS1	0
ETV1	ADD3-AS1	0
KLF6	POC1B-GALNT4	0
TOX	ARL4C	0
CREB3L2	NBPF10	0
HIF1A	CCDC18-AS1	0
CREB3L2	MIR1282	0
ARID4B	MIR4632	0
RUNX3	MIR3064	0
MAF	CKLF-CMTM1	0
RUNX3	LOC100289511	0
HIVEP2	CKLF-CMTM1	0
BHLHE40	SH2D3C	0
FOXP1	LOC100507412	0
ZNF91	GABPB1-AS1	0
ZBTB20	PSMB8-AS1	0
MXD3	ARPC1B	0
KMT2A	ARL4C	0
ZGPAT	PPIF	0
NR3C1	POC1B-GALNT4	0
NCOR1	ARPC4	0
RUNX2	ARPC1B	0
LRRFIP1	ARPC1B	0
CREB3L2	PPIF	0
HIVEP3	TSPAN32	0
TOX	ADD3-AS1	0
MSC	MIR3064	0
TBX21	RNASEK-C17orf49	0
HIVEP3	SH2D3C	0
TRERF1	TRG-AS1	0
IRF1	CCDC18-AS1	0
ZGPAT	EBLN3P	0
STAT1	MIR5047	0
KDM2A	SAE1	0
LYAR	LOC100507412	0
NCOR1	RPS10-NUDT3	0
ZNF91	RASA4B	0
IRF1	RASA4B	0
BCL11B	ARPC1B	0
TOX	ADA	0
TRPS1	LOC100131347	0
IRF1	ADA	0
IKZF3	TSPAN32	1
PHTF1	ARPC2	0
ID2	SAE1	0
KMT2A	KLRC4-KLRK1	0
STAT3	PSMB8-AS1	0
JUNB	ACTR3	0
PHTF2	PCNA-AS1	0
HMGA1	SLMO2-ATP5E	0
ZNF48	ANAPC1P1	0
MSC	LINC00892	0
ID2	MIR5047	0
PHTF2	RNASEK-C17orf49	0
SP140	CCDC18-AS1	0
BCL11B	MIR497HG	0
ZBTB38	ADAM8	0
MXD3	PSMB8-AS1	0
PHTF2	GABPB1-AS1	0
ZNF683	MIR3615	0
ZNF48	EBLN3P	0
IKZF1	GIMAP1-GIMAP5	0
HIVEP2	LOC100131347	0
BCL11B	PSMB8-AS1	0
HMGA1	SNHG16	0
ETS1	EBLN3P	0
HMGA1	ARPC4	0
TOX	PXN-AS1	0
KLF6	EBLN3P	0
RUNX3	BLOC1S1-RDH5	0
STAT1	NBPF10	0
TRPS1	GABPB1-AS1	0
HIVEP2	PMF1-BGLAP	0
HMGA1	TSPAN5	0
IKZF3	ACTR3	0
FOS	NDUFB2-AS1	0
FOSB	ANAPC1P1	0
TOX	LINC00861	0
HIVEP3	ARPC4	0
STAT3	RNASEK-C17orf49	0
HMGA1	MIR3917	0
KLF13	TSPAN5	0
KLF13	PCNA-AS1	0
ATF6B	ARPC4	0
SP100	LOC100130872	0
KLF6	MIR1282	0
CREM	SAE1	0
ZEB2	SNHG16	0
RUNX3	PMF1-BGLAP	0
RBPJ	KLRC4-KLRK1	0
MSC	ARPC5	0
LRRFIP1	ARPC3	0
TRPS1	RNASEK-C17orf49	0
EOMES	TANK	0
ZNF91	SAE1	0
MSC	RPS10-NUDT3	0
BHLHE40	POC1B-GALNT4	0
JUNB	ADAM8	0
LRRFIP1	SLMO2-ATP5E	0
FOSB	ARPC5	0
ZNF48	ADD3-AS1	0
CREB3L2	ARPC4	0
BCL11B	MIR5047	0
TOX	MIR1282	0
KLF12	MIR3064	0
BHLHE40	ANAPC1P1	0
HOPX	ATP5J2-PTCD1	0
BCL11B	SERF2-C15ORF63	0
EOMES	CKLF-CMTM1	0
PHTF1	ATP5J2-PTCD1	0
NFKBIA	RASA4B	0
PHTF2	SLMO2-ATP5E	0
TBX21	PPIF	0
NFKBIA	BCL2L11	0
SP100	LOC100507412	0
JUNB	TSPAN5	0
KLF12	RASA4B	0
EOMES	LOC100130872	0
HIVEP3	GABPB1-AS1	0
HIVEP3	PSMB8-AS1	0
JUNB	SNHG16	0
ARID4B	SMC4	0
DNAJC1	ARPC5	0
NFKBIA	PXN-AS1	0
TBX21	PCNA-AS1	0
BCL11B	CCDC18-AS1	0
NFKBIA	SAE1	0
PRDM1	MIR5047	0
NR3C1	MIR5047	0
IRF7	LINC00892	0
BATF	FKBP1A-SDCBP2	0
ZNF83	SAE1	0
ZNF292	MIR1244-2	0
IRF1	MIR1282	0
BHLHE40	SAE1	0
HIVEP2	ARPC4	0
HIVEP2	BLOC1S1-RDH5	0
ARID4B	MIR1282	0
MSC	SENP3-EIF4A1	0
ID2	ADD3-AS1	0
RUNX2	ADD3-AS1	0
TBX21	MIR4761	0
KLF10	UBE2F-SCLY	0
HOPX	ITGB2-AS1	0
KLF12	PXN-AS1	0
KMT2A	ANAPC1P1	0
ETV1	CKLF-CMTM1	0
CREM	SLMO2-ATP5E	0
TBX21	UBE2F-SCLY	0
HIF1A	ARPC5	0
HIVEP2	OST4	0
KMT2A	ARPC3	0
BCL11B	ARPC3	0
BCL11B	SMC4	0
ATF6B	ARPC3	0
TOX	POC1B-GALNT4	0
IRF9	MIR4632	0
RBPJ	ATP5J2-PTCD1	0
HIF1A	PCNA-AS1	0
ZNF48	MIR1244-2	0
EOMES	NBPF10	0
FOS	SLMO2-ATP5E	0
TBX21	GIMAP1-GIMAP5	0
PHTF1	RASA4B	0
HOPX	SH2D3C	0
ATRX	TRG-AS1	0
ZNF683	ATP5J2-PTCD1	0
KLF13	EBLN3P	0
ZBTB20	NEDD8-MDP1	0
MSC	UBE2F-SCLY	0
PHTF2	MIR1282	0
STAT1	MIR3064	0
STAT3	ITGB2-AS1	0
ZBTB38	MIR1282	0
SP100	SLMO2-ATP5E	0
ZBTB38	NEDD8-MDP1	0
FOS	PSMB8-AS1	0
SP100	TANK	1
ZNF652	BCL2L11	0
TRPS1	MIR4761	0
KLF10	MIR3064	0
ETS1	KLRC4-KLRK1	0
KLF6	MIR4761	0
RUNX3	ARPC4	0
NFKBIA	SH2D3C	0
LRRFIP1	PXN-AS1	0
KLF12	MIR5047	0
KLF10	PXN-AS1	0
STAT4	ADD3-AS1	0
ZBTB20	ACTR2	0
ZNF91	LINC00426	0
IKZF3	FKBP1A-SDCBP2	0
STAT4	ARL4C	0
JUNB	RASA4B	0
MXD3	BCL2L11	0
FOSB	LOC100289511	0
EOMES	MIR5047	0
ATF6B	TSPAN32	0
EOMES	GIMAP1-GIMAP5	0
STAT3	LINC00892	0
MAF	ARL4C	1
KDM2A	TRG-AS1	0
ETV1	ARPC5	0
IRF7	KLRC4-KLRK1	0
BATF	LOC100131347	0
TBX21	ARPC4	0
STAT3	OST4	0
ETS1	MIR5047	0
IKZF1	LOC100131347	0
LYAR	LINC00892	0
NFATC2	CCDC18-AS1	0
IRF1	PXN-AS1	0
RUNX2	ADA	0
ID2	ARL4C	0
KLF12	TSPAN5	0
KLF6	GIMAP1-GIMAP5	0
KLF6	ITGB2-AS1	0
HIF1A	RASA4B	0
TBX21	SAE1	0
SP140	LOC100131347	0
KDM2A	LOC100131347	0
ZEB2	RNASEK-C17orf49	0
MSC	NBPF10	0
ARID4B	SAE1	0
HIF1A	MINOS1-NBL1	0
MAF	LOC100507412	0
IRF7	ARPC1B	0
EOMES	GABPB1-AS1	0
ID2	ARPC5	0
HIVEP3	ADAM8	0
ZNF83	NBPF10	0
MAF	MIR5047	0
STAT4	PSMB8-AS1	0
CREB3L2	ADD3-AS1	0
ZBTB20	ANAPC1P1	0
ID2	LINC00963	0
ETS1	ARPC4	0
IKZF1	RNASEK-C17orf49	0
IKZF1	LINC00861	0
JUNB	MIR3064	0
SP140	ADAM8	1
TOX	UBE2F-SCLY	0
SP100	KLRC4-KLRK1	0
LRRFIP1	ARPC2	1
ZEB2	ADA	0
FOS	BCL2L11	1
CREB3L2	LOC100507412	0
RUNX2	SLMO2-ATP5E	0
HIVEP3	ARPC3	0
ZGPAT	ARPC5	0
IRF7	ANAPC1P1	0
RUNX3	ADAM8	0
HOPX	NBPF10	0
TOX	SERF2-C15ORF63	0
LYAR	TSPAN32	0
NR3C1	GIMAP1-GIMAP5	0
KLF10	SERF2-C15ORF63	0
RUNX3	POC1B-GALNT4	0
ETS1	TSPAN32	0
ZNF652	ARPC1B	0
RUNX3	SAE1	0
LRRFIP1	MIR3064	0
STAT1	MIR4680	0
ZGPAT	MIR3064	0
KLF6	KLRC4-KLRK1	0
TSC22D3	TANK	0
MAF	PSMB8-AS1	0
SP140	ARPC2	0
TSC22D3	LOC100507412	0
ID2	NBPF10	0
ETS1	PPIF	0
TRERF1	SNHG16	0
MSC	SAE1	0
ETV1	PXN-AS1	0
FOXP1	MIR4761	0
IKZF1	SH2D3C	0
CREM	NDUFB2-AS1	0
DNAJC1	ADAM8	0
KLF12	TRG-AS1	0
ATRX	LINC00861	0
ZBTB38	SERF2-C15ORF63	0
RBPJ	ARPC1B	0
ZNF652	SAE1	0
LYAR	PMF1-BGLAP	0
ZEB2	CKLF-CMTM1	0
NCOR1	LINC00861	0
FOS	ARPC4	0
HIVEP3	NBPF10	0
FOS	CCDC18-AS1	0
TOX	LINC00892	0
IRF1	ACTR2	0
EOMES	MIR1282	0
TRPS1	SNHG16	0
FOS	LINC00861	0
HOPX	LINC00892	0
ZNF292	OST4	0
NCOR1	SERF2-C15ORF63	0
PRDM1	PPIF	0
TBX21	RASA4B	0
MSC	ARPC2	0
HIVEP2	FKBP1A-SDCBP2	0
LYAR	RNASEK-C17orf49	0
KLF6	BCL2L11	0
ZNF652	ADD3-AS1	0
DNAJC1	ADA	0
KMT2A	GABPB1-AS1	0
STAT1	PSMB8-AS1	0
NCOR1	OST4	0
PRDM1	SENP3-EIF4A1	0
IRF1	MINOS1-NBL1	0
FOSB	MIR5047	0
BCL11B	ITGB2-AS1	0
KLF13	PXN-AS1	0
KLF6	SERF2-C15ORF63	0
RBPJ	ARL4C	0
KLF6	MIR3917	0
JUNB	SAE1	0
IRF9	GIMAP1-GIMAP5	0
HIVEP2	BCL2L11	0
FOSB	CCDC18-AS1	0
SP140	OST4	0
HMGA1	ARPC5	0
IKZF3	NBPF10	0
LYAR	PSMB8-AS1	0
BATF	POC1B-GALNT4	0
ETV1	OST4	0
KLF13	LINC00963	0
MXD3	MIR1244-2	0
ATRX	OST4	0
TRPS1	NEDD8-MDP1	0
KLF10	PPIF	0
ZBTB20	ITGB2-AS1	0
ZGPAT	MIR3615	0
SP100	MIR4761	0
ZNF292	LOC100130872	0
FOSB	MIR497HG	0
ZNF91	PXN-AS1	0
HIVEP2	KLRC4-KLRK1	0
TSC22D3	ARL4C	0
CREM	PMF1-BGLAP	0
SP140	SH2D3C	0
ZEB2	EBLN3P	0
ZGPAT	ATP5J2-PTCD1	0
HIVEP3	ARPC2	0
NR3C1	ACTR2	0
TBX21	TSPAN5	0
MXD3	KLRC4-KLRK1	0
TSC22D3	LOC100130872	0
CREM	MIR4761	0
TOX	FKBP1A-SDCBP2	0
SP140	SMC4	0
LYAR	MIR4680	0
TRPS1	BCL2L11	0
HOPX	ACTR2	0
BATF	RASA4B	0
KDM2A	MIR5047	0
ARID4B	SERF2-C15ORF63	0
IKZF3	KLRC4-KLRK1	0
TOX	MIR497HG	0
TRPS1	ADAM8	0
MSC	MIR497HG	0
EOMES	ACTR3	0
BATF	ARPC3	0
KLF12	MIR497HG	0
KAT7	SAE1	0
FOXP1	ARPC1B	0
HIVEP3	MIR5047	0
BHLHE40	ARPC1B	0
ZEB2	ADD3-AS1	0
TBX21	ACTR3	0
ZBTB20	ADA	0
IKZF1	KLRC4-KLRK1	0
KMT2A	SNHG16	0
ATF6B	SLMO2-ATP5E	0
ID2	EBLN3P	0
DNAJC1	ANAPC1P1	0
RUNX3	MIR1282	0
KLF6	PXN-AS1	0
KDM5B	RPS10-NUDT3	0
TSC22D3	MIR3615	0
FOSB	PCNA-AS1	0
FOS	ANAPC1P1	0
ZNF652	BLOC1S1-RDH5	0
ARID4B	SNHG16	0
STAT4	ACTR3	0
KDM5B	ADA	0
MXD3	GIMAP1-GIMAP5	0
BHLHE40	PXN-AS1	0
ARID4B	GIMAP1-GIMAP5	0
DNAJC1	LOC100131347	0
NCOR1	PSMB8-AS1	0
ARID4B	LOC100507412	0
JUNB	ARPC3	0
ZBTB38	MIR5047	0
NCOR1	MINOS1-NBL1	0
KDM5B	TSPAN32	0
PRDM1	LINC00426	0
KLF10	MIR1282	0
IRF9	ADD3-AS1	0
KLF13	NDUFB2-AS1	0
KLF10	SLMO2-ATP5E	0
STAT1	MIR3615	0
KDM5B	ARL4C	0
IRF7	LOC100130872	0
KLF13	ITGB2-AS1	0
KMT2A	MINOS1-NBL1	0
STAT4	LINC00861	0
JUNB	MIR4680	0
ZNF652	EBLN3P	0
PRDM1	NBPF10	0
HOPX	UBE2F-SCLY	0
KLF10	PMF1-BGLAP	0
KLF6	OST4	0
NFATC2	ARL4C	0
DNAJC1	MIR4680	0
MXD3	ITGB2-AS1	0
RUNX2	MIR3064	0
RUNX3	SERF2-C15ORF63	0
ARID4B	NEDD8-MDP1	0
LRRFIP1	TRG-AS1	0
ZBTB20	MIR5047	0
HIF1A	MIR3917	0
STAT4	MIR1282	0
STAT4	MIR4680	0
ATRX	ARPC5	0
KDM5B	MIR4680	0
STAT3	TSPAN5	0
LRRFIP1	CCDC18-AS1	0
HIVEP3	LOC100130872	0
DNAJC1	SNHG16	0
KDM2A	BCL2L11	0
FOSB	BLOC1S1-RDH5	0
NFATC2	PCNA-AS1	0
ZNF652	KLRC4-KLRK1	0
MSC	PMF1-BGLAP	0
ID2	MIR1244-2	0
FOS	RPS10-NUDT3	0
ATRX	MIR4680	0
RUNX2	ATP5J2-PTCD1	0
KLF13	SNHG16	0
FOS	LOC100131347	0
EOMES	PMF1-BGLAP	0
DNAJC1	PCNA-AS1	0
NFKBIA	TSPAN32	0
ARID4B	CKLF-CMTM1	0
HOPX	MIR3615	0
KLF10	LOC100130872	0
IKZF3	PXN-AS1	0
ATF6B	MIR3917	0
ZNF292	MIR3064	0
BATF	ITGB2-AS1	0
ETV1	PPIF	0
RUNX2	ARL4C	0
MAF	LOC100130872	0
TRERF1	MIR3064	0
ZNF48	MIR4761	0
BATF	ARPC2	0
CREM	KLRC4-KLRK1	0
ZNF683	PMF1-BGLAP	0
KLF6	NBPF10	0
KLF12	RNASEK-C17orf49	0
HIF1A	LINC00861	0
ETV1	RNASEK-C17orf49	0
IKZF1	SH3BP5-AS1	0
NCOR1	MIR1282	0
ZGPAT	LINC00892	0
FOXP1	GIMAP1-GIMAP5	0
ZGPAT	MIR5047	0
DNAJC1	TSPAN5	0
SP100	ACTR2	0
STAT3	RASA4B	0
JUNB	MIR5047	0
MSC	ATP5J2-PTCD1	0
PRDM1	TSPAN5	0
TOX	EBLN3P	0
HOPX	ACTR3	0
ZGPAT	ARPC4	0
KLF13	LOC100131347	0
FOXP1	KLRC4-KLRK1	0
ZBTB38	LOC100130872	0
LYAR	ARL4C	0
IRF1	BCL2L11	0
STAT3	ARL4C	0
HOPX	SLMO2-ATP5E	0
LRRFIP1	EBLN3P	0
TBX21	POC1B-GALNT4	0
SP100	MIR3064	0
KDM2A	MIR4632	0
NFATC2	ARPC2	0
LYAR	MINOS1-NBL1	0
RUNX2	EBLN3P	0
MSC	SLMO2-ATP5E	0
IKZF1	ARPC2	0
KDM2A	ADA	0
ID2	PXN-AS1	0
RBPJ	PSMB8-AS1	0
KLF13	MIR1244-2	0
PHTF2	SERF2-C15ORF63	0
BCL11B	ARL4C	0
KLF13	MIR3917	0
TOX	MINOS1-NBL1	0
MXD3	CKLF-CMTM1	0
TOX	ARPC4	0
MSC	LINC00963	0
RUNX2	LOC100289511	0
BHLHE40	SENP3-EIF4A1	0
IKZF1	NBPF10	0
RUNX3	MIR5047	0
JUNB	PXN-AS1	0
ETV1	MIR4761	0
EOMES	ARPC5	0
KLF12	TSPAN32	0
LYAR	NEDD8-MDP1	0
ID2	PCNA-AS1	0
FOSB	FKBP1A-SDCBP2	0
JUNB	NEDD8-MDP1	0
ZNF292	SH2D3C	0
IKZF3	TRG-AS1	0
TOX	LINC00963	0
PRDM1	NEDD8-MDP1	0
NFKBIA	ARPC5	0
ZNF276	ADD3-AS1	0
HIVEP2	ARPC2	0
TRPS1	LOC100507412	0
NCOR1	TRG-AS1	0
PHTF2	ARPC3	0
NCOR1	LOC100289511	0
IRF9	SNHG16	0
IRF1	ATP5J2-PTCD1	0
MXD3	MIR5047	0
DNAJC1	ARPC2	1
ZGPAT	LOC100130872	0
STAT4	MIR3917	0
HIVEP3	LOC100507412	0
STAT4	LOC100507412	0
STAT3	SENP3-EIF4A1	0
ETS1	GIMAP1-GIMAP5	0
TSC22D3	LINC00861	0
TSC22D3	EBLN3P	0
ATF6B	ITGB2-AS1	0
IRF9	OST4	0
PHTF1	MIR3615	0
ZNF652	TSPAN32	0
IRF7	ATP5J2-PTCD1	0
ZNF652	LOC100289511	0
LYAR	SLMO2-ATP5E	0
RUNX2	MIR4632	0
CREB3L2	MINOS1-NBL1	0
TRPS1	ARPC4	0
ATRX	ITGB2-AS1	0
PHTF1	ARPC1B	0
ZBTB38	KLRC4-KLRK1	0
STAT3	ARPC1B	0
FOS	SH3BP5-AS1	0
FOS	OST4	0
HOPX	ADAM8	0
ATF6B	OST4	0
MAF	LINC00861	0
STAT1	POC1B-GALNT4	0
ZNF276	PPIF	0
HIVEP2	LOC100130872	0
STAT3	NEDD8-MDP1	0
IKZF3	GABPB1-AS1	0
STAT3	SH2D3C	0
NR3C1	LINC00963	0
RUNX3	PXN-AS1	0
KLF6	ADD3-AS1	0
PRDM1	ATP5J2-PTCD1	0
MXD3	RNASEK-C17orf49	0
LRRFIP1	OST4	0
HIVEP2	SERF2-C15ORF63	0
LRRFIP1	BCL2L11	0
BATF	GABPB1-AS1	0
ZNF292	ANAPC1P1	0
HIF1A	LOC100130872	0
DNAJC1	MIR1244-2	0
NFATC2	SH3BP5-AS1	0
STAT4	ARPC1B	0
LYAR	MIR3917	0
RBPJ	TSPAN5	0
BCL11B	MIR3615	0
LYAR	LINC00861	0
ZNF683	MINOS1-NBL1	0
NCOR1	ITGB2-AS1	0
ZNF683	TSPAN32	1
SP140	UBE2F-SCLY	0
CREM	LINC00963	0
ZNF276	ARL4C	0
ZBTB38	PSMB8-AS1	0
HIVEP2	MIR4632	0
ZBTB20	ARPC2	0
HIF1A	SERF2-C15ORF63	0
TSC22D3	PMF1-BGLAP	0
BATF	RPS10-NUDT3	0
KAT7	SMC4	0
KLF10	ARPC4	0
JUNB	ARPC2	0
LRRFIP1	ITGB2-AS1	0
STAT4	SH2D3C	0
FOXP1	PPIF	0
KDM5B	CKLF-CMTM1	0
EOMES	MIR3064	0
PHTF1	TSPAN5	0
HIVEP2	MIR3615	0
BCL11B	TSPAN32	0
TSC22D3	LINC00426	0
ZNF83	BCL2L11	0
MSC	BLOC1S1-RDH5	0
ZNF276	LOC100131347	0
TOX	KLRC4-KLRK1	0
HIVEP3	EBLN3P	0
PHTF1	MIR1244-2	0
LYAR	ARPC3	0
ETV1	SLMO2-ATP5E	0
RBPJ	MINOS1-NBL1	0
TRERF1	EBLN3P	0
JUNB	OST4	0
HMGA1	ATP5J2-PTCD1	0
FOS	ADAM8	0
NR3C1	ARPC4	0
HMGA1	ADD3-AS1	0
NCOR1	ADA	0
KDM5B	FKBP1A-SDCBP2	0
TSC22D3	GIMAP1-GIMAP5	0
NFKBIA	KLRC4-KLRK1	0
FOS	TRG-AS1	0
ZNF276	TRG-AS1	0
ATRX	ARL4C	0
MSC	ANAPC1P1	0
ETS1	SMC4	0
IKZF3	LINC00426	0
ZEB2	GIMAP1-GIMAP5	0
IRF9	LINC00892	0
MAF	MIR3064	0
KDM2A	ITGB2-AS1	0
PRDM1	TSPAN32	0
ZNF683	ARL4C	0
KDM5B	SNHG16	0
BCL11B	LOC100131347	0
STAT4	KLRC4-KLRK1	0
KAT7	SH3BP5-AS1	0
NR3C1	KLRC4-KLRK1	0
TRERF1	ACTR2	0
CREM	PPIF	0
RUNX3	BCL2L11	0
ZNF83	SH2D3C	0
ZNF292	MIR5047	0
MXD3	MIR4680	0
ETS1	LOC100130872	0
LRRFIP1	ADA	0
IRF7	NBPF10	0
KLF10	TSPAN5	0
ZBTB20	SMC4	0
BATF	MINOS1-NBL1	0
TRPS1	BLOC1S1-RDH5	0
IRF7	MIR4761	0
ZNF652	LOC100131347	0
TBX21	ARPC3	0
ZBTB38	BCL2L11	0
NR3C1	LINC00861	0
STAT1	SLMO2-ATP5E	0
IKZF3	MIR1282	0
SP140	ARPC3	0
ZNF683	ARPC1B	0
STAT4	ARPC3	0
ATRX	SMC4	0
STAT1	MIR3917	0
IRF7	TSPAN5	0
NFATC2	ADD3-AS1	0
ZNF276	RPS10-NUDT3	0
SP100	ADAM8	0
KLF12	ITGB2-AS1	0
ZNF83	NEDD8-MDP1	0
RBPJ	SMC4	0
LYAR	RASA4B	0
ATF6B	TANK	0
TRERF1	LOC100507412	0
MSC	NDUFB2-AS1	0
HMGA1	LOC100507412	0
NCOR1	TSPAN5	0
IKZF3	RNASEK-C17orf49	0
NR3C1	LOC100289511	0
TRPS1	PPIF	0
TRPS1	ACTR2	0
ZGPAT	ANAPC1P1	0
HIF1A	OST4	0
ZNF276	OST4	0
ETV1	RPS10-NUDT3	0
NCOR1	PPIF	0
TSC22D3	ARPC2	0
IRF1	SERF2-C15ORF63	0
KMT2A	MIR4632	0
EOMES	POC1B-GALNT4	0
TSC22D3	MIR3917	0
BATF	LINC00892	0
ETV1	CCDC18-AS1	0
NFATC2	PPIF	0
HIVEP3	LOC100289511	0
KLF6	TSPAN5	0
FOXP1	RASA4B	0
ZEB2	MIR5047	0
ZNF91	KLRC4-KLRK1	0
MAF	MIR4680	0
ZNF91	BLOC1S1-RDH5	0
PHTF1	MIR497HG	0
IKZF1	POC1B-GALNT4	0
BHLHE40	ADA	0
NCOR1	ARPC5	0
KLF12	ADAM8	0
ZEB2	LOC100130872	0
ZEB2	LOC100289511	0
CREM	ARL4C	0
FOS	NEDD8-MDP1	0
ZBTB20	ARPC3	0
RUNX3	ARPC5	0
NCOR1	ARPC1B	0
ARID4B	PSMB8-AS1	0
ATRX	ACTR3	0
PHTF1	MIR5047	0
ZBTB38	ARPC1B	0
PHTF2	KLRC4-KLRK1	0
MSC	ADAM8	0
ARID4B	LOC100131347	0
ATF6B	KLRC4-KLRK1	0
IRF1	ARL4C	0
NCOR1	NEDD8-MDP1	0
ZNF91	LOC100130872	0
KLF12	GABPB1-AS1	0
BHLHE40	GIMAP1-GIMAP5	0
ID2	ARPC2	0
RUNX2	KLRC4-KLRK1	0
KLF10	ADD3-AS1	0
PRDM1	LOC100507412	0
IRF9	RASA4B	0
SP140	ARL4C	1
FOXP1	ARPC4	0
KLF6	SH3BP5-AS1	0
ZNF91	ADD3-AS1	0
LRRFIP1	BLOC1S1-RDH5	0
ZNF91	POC1B-GALNT4	0
ID2	SH3BP5-AS1	0
HIVEP3	PCNA-AS1	0
TSC22D3	MIR4761	0
NFKBIA	PMF1-BGLAP	0
KAT7	MIR3064	0
BCL11B	LINC00861	0
PRDM1	UBE2F-SCLY	0
RBPJ	OST4	0
IRF7	ARL4C	0
TRERF1	SENP3-EIF4A1	0
HOPX	RPS10-NUDT3	0
ATF6B	ARPC2	0
RUNX3	ADD3-AS1	0
BATF	LINC00963	0
LRRFIP1	PPIF	0
IKZF3	ADD3-AS1	0
ZNF276	ATP5J2-PTCD1	0
KDM5B	MIR3917	0
NFATC2	TSPAN32	0
HMGA1	NEDD8-MDP1	0
LRRFIP1	MIR5047	0
ATRX	POC1B-GALNT4	0
KLF12	GIMAP1-GIMAP5	0
FOSB	MIR3917	0
KDM5B	PSMB8-AS1	0
ZNF683	SENP3-EIF4A1	0
KLF10	NDUFB2-AS1	0
KAT7	MIR4680	0
STAT1	CKLF-CMTM1	0
PHTF1	MIR3064	0
RUNX2	MIR5047	0
ZNF48	NBPF10	0
EOMES	ARPC3	0
SP100	MIR497HG	0
BHLHE40	ARPC4	0
KDM5B	MINOS1-NBL1	0
SP100	MIR5047	0
LYAR	BCL2L11	0
HIVEP2	LOC100289511	0
MXD3	MIR4761	0
KMT2A	BLOC1S1-RDH5	0
IKZF1	ADA	0
FOSB	ADD3-AS1	0
NFKBIA	LINC00892	0
ETS1	LINC00892	0
LYAR	MIR4761	0
CREB3L2	SERF2-C15ORF63	0
KDM2A	KLRC4-KLRK1	0
ATRX	ARPC4	0
ETS1	MIR3064	0
IKZF3	TANK	0
PHTF2	ARPC2	0
ETV1	NEDD8-MDP1	0
SP140	LOC100507412	0
TOX	LOC100289511	0
JUNB	MIR3615	0
KDM2A	ATP5J2-PTCD1	0
PHTF1	EBLN3P	0
FOXP1	TANK	0
HIF1A	TSPAN32	0
ZBTB38	LINC00426	0
ZNF292	LINC00861	0
ZNF83	ARPC3	0
FOXP1	LOC100131347	0
IKZF3	ITGB2-AS1	0
ZNF276	LINC00861	0
KDM2A	GABPB1-AS1	0
KLF13	ANAPC1P1	0
STAT4	BLOC1S1-RDH5	0
TRERF1	ADAM8	0
ARID4B	ATP5J2-PTCD1	0
KAT7	POC1B-GALNT4	0
KMT2A	MIR1282	0
BHLHE40	LOC100131347	0
SP100	NBPF10	0
RBPJ	GABPB1-AS1	0
ZNF652	GABPB1-AS1	0
FOSB	SNHG16	0
KDM5B	ARPC1B	0
NCOR1	EBLN3P	0
ZNF83	TSPAN32	0
FOXP1	ADAM8	0
TSC22D3	ARPC5	0
HIVEP2	ACTR2	0
ZNF292	POC1B-GALNT4	0
STAT3	SH3BP5-AS1	0
HIVEP2	RASA4B	0
MXD3	PXN-AS1	0
FOSB	KLRC4-KLRK1	0
BCL11B	GABPB1-AS1	0
IRF7	GIMAP1-GIMAP5	0
PHTF1	ITGB2-AS1	0
ZNF276	ACTR3	0
CREM	MINOS1-NBL1	0
RUNX3	SENP3-EIF4A1	0
PRDM1	ARL4C	0
KMT2A	SERF2-C15ORF63	0
MXD3	SNHG16	0
LRRFIP1	RASA4B	0
LYAR	MIR1244-2	0
KLF10	ATP5J2-PTCD1	0
JUNB	MIR4761	0
ZNF48	MINOS1-NBL1	0
FOSB	SH3BP5-AS1	0
HIVEP3	ARPC1B	0
SP100	NDUFB2-AS1	0
ARID4B	NDUFB2-AS1	0
NR3C1	MIR4632	0
PHTF1	LINC00861	0
EOMES	EBLN3P	0
ZEB2	MIR1244-2	0
CREB3L2	BCL2L11	0
NFKBIA	NBPF10	0
HIF1A	ADAM8	0
IRF9	ACTR3	0
FOXP1	ITGB2-AS1	0
RUNX2	LOC100507412	0
PHTF2	CKLF-CMTM1	0
RBPJ	SH2D3C	0
ZNF292	TSPAN32	0
ID2	LINC00892	0
BATF	KLRC4-KLRK1	0
STAT4	MIR4632	0
PRDM1	KLRC4-KLRK1	0
KDM5B	MIR497HG	0
NFATC2	LINC00892	0
NCOR1	UBE2F-SCLY	0
ZNF83	PSMB8-AS1	0
KDM5B	RASA4B	0
MSC	BCL2L11	0
RUNX2	GABPB1-AS1	0
BHLHE40	LOC100289511	0
HMGA1	SH3BP5-AS1	0
IRF9	LOC100130872	0
ZNF91	ARPC1B	0
IRF9	KLRC4-KLRK1	0
KLF13	PPIF	0
IRF1	LOC100507412	0
STAT1	ADAM8	0
ARID4B	BLOC1S1-RDH5	0
JUNB	ADD3-AS1	0
IKZF3	ACTR2	0
ZBTB38	EBLN3P	0
RUNX2	NEDD8-MDP1	0
ATRX	PCNA-AS1	0
JUNB	FKBP1A-SDCBP2	0
MSC	POC1B-GALNT4	0
ZGPAT	GIMAP1-GIMAP5	0
ZEB2	MIR1282	0
BATF	LINC00861	0
KLF12	UBE2F-SCLY	0
PHTF2	SNHG16	0
MSC	MIR5047	0
HIF1A	NEDD8-MDP1	0
ZNF292	KLRC4-KLRK1	0
FOSB	TSPAN5	0
ZNF91	TSPAN5	0
KDM2A	ARPC5	0
KLF10	MINOS1-NBL1	0
IRF9	NEDD8-MDP1	0
NR3C1	LOC100130872	0
EOMES	PSMB8-AS1	0
ZNF292	ARPC4	0
MXD3	ARPC4	0
STAT1	GIMAP1-GIMAP5	0
ZNF91	CKLF-CMTM1	0
ZNF276	MIR3917	0
NCOR1	GABPB1-AS1	0
BHLHE40	KLRC4-KLRK1	0
IKZF3	BLOC1S1-RDH5	0
MSC	TSPAN5	0
HOPX	CKLF-CMTM1	0
TRERF1	ATP5J2-PTCD1	0
ETS1	LOC100289511	0
SP140	RPS10-NUDT3	0
ZBTB38	TSPAN32	0
LYAR	NDUFB2-AS1	0
HIVEP3	MIR3917	0
DNAJC1	POC1B-GALNT4	0
BCL11B	MIR3064	0
KLF10	SMC4	0
ZNF292	MINOS1-NBL1	0
SP100	LINC00426	0
IRF1	ARPC5	0
FOXP1	SMC4	0
TOX	LOC100507412	0
KLF6	ANAPC1P1	0
KLF10	ARL4C	0
ARID4B	ARPC2	0
ZNF48	ACTR2	0
MSC	ACTR3	0
TSC22D3	NEDD8-MDP1	0
ZBTB20	PMF1-BGLAP	0
ZNF83	LOC100131347	0
ETV1	BLOC1S1-RDH5	0
IRF9	ARPC3	0
TSC22D3	PCNA-AS1	0
ZNF91	MIR1282	0
BHLHE40	MINOS1-NBL1	0
KLF13	FKBP1A-SDCBP2	0
ZNF683	MIR4761	0
KLF6	MIR3615	0
NR3C1	MIR3615	0
IKZF3	PCNA-AS1	0
ZNF48	ARPC2	0
IRF7	LINC00426	0
TRERF1	KLRC4-KLRK1	0
SP140	SLMO2-ATP5E	0
NFATC2	GIMAP1-GIMAP5	0
KLF6	ATP5J2-PTCD1	0
ATRX	ACTR2	0
NCOR1	KLRC4-KLRK1	0
ETV1	SAE1	0
IKZF3	POC1B-GALNT4	0
IRF7	MIR3917	0
MAF	TRG-AS1	0
ZNF292	SLMO2-ATP5E	0
IRF7	ADD3-AS1	0
ZGPAT	SLMO2-ATP5E	0
KDM2A	RPS10-NUDT3	0
BCL11B	ATP5J2-PTCD1	0
HIF1A	PMF1-BGLAP	0
ZNF83	LOC100130872	0
CREB3L2	RNASEK-C17orf49	0
TOX	TRG-AS1	0
SP140	MIR3064	0
ZNF652	SMC4	0
KMT2A	NBPF10	0
CREB3L2	ADA	0
BHLHE40	MIR4632	0
KLF10	CKLF-CMTM1	0
RUNX2	LINC00861	0
ZNF276	GABPB1-AS1	0
HMGA1	UBE2F-SCLY	0
RBPJ	ADAM8	0
CREB3L2	POC1B-GALNT4	0
IRF7	SLMO2-ATP5E	0
HIF1A	GABPB1-AS1	0
TRERF1	PCNA-AS1	0
RBPJ	MIR3615	0
ID2	PSMB8-AS1	0
CREB3L2	MIR1244-2	0
ZGPAT	ARPC2	0
ZNF652	PXN-AS1	0
KLF13	RNASEK-C17orf49	0
ZNF683	OST4	0
ZNF292	CKLF-CMTM1	0
HMGA1	PSMB8-AS1	0
ARID4B	PXN-AS1	0
CREB3L2	PSMB8-AS1	0
TRERF1	CCDC18-AS1	0
NFKBIA	OST4	0
FOXP1	ACTR2	0
BCL11B	MIR4761	0
CREM	SH3BP5-AS1	0
ZEB2	RASA4B	0
BATF	ADD3-AS1	0
BHLHE40	NBPF10	0
MSC	MIR4680	0
STAT4	SERF2-C15ORF63	0
ZEB2	POC1B-GALNT4	0
ATF6B	ARL4C	0
PHTF2	PSMB8-AS1	0
LRRFIP1	SENP3-EIF4A1	0
STAT3	MIR5047	0
NR3C1	MIR3917	0
STAT4	LOC100131347	0
FOXP1	PSMB8-AS1	0
TBX21	SLMO2-ATP5E	0
MSC	SERF2-C15ORF63	0
ID2	NEDD8-MDP1	0
ZBTB20	ARPC5	0
TOX	NEDD8-MDP1	0
KLF10	BCL2L11	0
EOMES	LOC100289511	0
ID2	LINC00426	0
NFATC2	SAE1	0
IKZF3	MIR3615	0
BHLHE40	SMC4	0
HMGA1	CKLF-CMTM1	0
BATF	CKLF-CMTM1	0
ZNF276	ARPC3	0
HIVEP3	POC1B-GALNT4	0
KDM5B	KLRC4-KLRK1	0
HIVEP2	ADA	0
KLF6	NEDD8-MDP1	0
JUNB	ITGB2-AS1	0
RUNX3	PCNA-AS1	0
SP100	PXN-AS1	0
LYAR	ACTR2	0
ZBTB38	SLMO2-ATP5E	0
FOXP1	GABPB1-AS1	0
BATF	SH3BP5-AS1	0
KDM5B	OST4	0
MXD3	TRG-AS1	0
STAT4	GABPB1-AS1	0
PHTF2	ATP5J2-PTCD1	0
KDM5B	LOC100507412	0
ZBTB20	MIR3064	0
PHTF1	BLOC1S1-RDH5	0
ETS1	ITGB2-AS1	0
ATRX	TSPAN32	0
HIVEP2	MIR1282	0
STAT4	RNASEK-C17orf49	0
BATF	MIR1244-2	0
ZEB2	ARPC2	0
ZEB2	SERF2-C15ORF63	0
ZNF683	ADAM8	0
TRPS1	MIR3917	0
LYAR	SH3BP5-AS1	0
EOMES	UBE2F-SCLY	0
IKZF3	MIR1244-2	0
LYAR	LOC100131347	0
FOS	ARPC3	0
CREM	SMC4	0
CREB3L2	FKBP1A-SDCBP2	0
TBX21	LOC100289511	0
HOPX	GIMAP1-GIMAP5	0
TBX21	MIR4680	0
ZGPAT	ADD3-AS1	0
ZNF683	PPIF	0
CREM	SENP3-EIF4A1	0
PHTF2	SENP3-EIF4A1	0
PHTF1	MIR4632	0
FOXP1	POC1B-GALNT4	0
ZNF683	ANAPC1P1	0
NFATC2	MIR497HG	0
EOMES	SNHG16	0
KMT2A	RASA4B	0
MSC	GIMAP1-GIMAP5	0
PHTF2	NEDD8-MDP1	0
ATF6B	MIR3064	0
HIVEP3	RASA4B	0
BATF	ADA	0
STAT1	RNASEK-C17orf49	0
KLF13	MINOS1-NBL1	0
IRF7	SERF2-C15ORF63	0
BCL11B	LINC00426	0
HIVEP3	OST4	0
KLF12	LOC100289511	0
STAT4	ITGB2-AS1	0
ZBTB20	OST4	0
NFATC2	ARPC4	0
SP140	SAE1	0
ID2	SERF2-C15ORF63	0
HMGA1	SERF2-C15ORF63	0
STAT4	FKBP1A-SDCBP2	0
CREM	ATP5J2-PTCD1	0
NFKBIA	LOC100289511	0
RUNX2	NBPF10	0
BATF	TSPAN5	0
HIVEP3	GIMAP1-GIMAP5	0
RUNX2	PCNA-AS1	0
BATF	ATP5J2-PTCD1	0
KMT2A	PXN-AS1	0
STAT4	RASA4B	0
ZGPAT	GABPB1-AS1	0
ZEB2	MIR3615	0
ZBTB20	CKLF-CMTM1	0
ZNF652	TRG-AS1	0
IRF7	MIR497HG	0
ID2	SH2D3C	0
NR3C1	ARPC3	0
ZNF91	LINC00861	0
TBX21	LOC100131347	0
LYAR	PCNA-AS1	0
ZNF48	MIR1282	0
HIVEP3	MIR4632	0
RBPJ	EBLN3P	0
RBPJ	CKLF-CMTM1	0
STAT1	BCL2L11	0
DNAJC1	MIR4632	0
IKZF1	LINC00892	0
ATRX	SH3BP5-AS1	0
KLF13	ACTR3	0
MAF	SENP3-EIF4A1	0
ZNF83	MIR4761	0
STAT1	RPS10-NUDT3	0
HOPX	LOC100131347	0
HOPX	MIR4680	0
IRF1	SENP3-EIF4A1	0
NCOR1	BCL2L11	0
FOS	TSPAN32	0
ETS1	MIR4632	0
IKZF1	ADD3-AS1	0
KMT2A	SAE1	0
KDM5B	ARPC3	0
BATF	MIR4761	0
TOX	MIR4680	0
TBX21	LOC100507412	0
PRDM1	SLMO2-ATP5E	0
RUNX2	TANK	0
BATF	SH2D3C	0
RUNX2	BLOC1S1-RDH5	0
HOPX	TANK	0
ZBTB20	RNASEK-C17orf49	0
STAT4	MIR3615	0
MSC	MIR4761	0
ATF6B	SMC4	0
KDM5B	NBPF10	0
MAF	ACTR3	0
CREM	CKLF-CMTM1	0
ETV1	ITGB2-AS1	0
ETV1	ATP5J2-PTCD1	0
TBX21	PSMB8-AS1	0
KDM2A	PXN-AS1	0
BHLHE40	OST4	0
KMT2A	POC1B-GALNT4	0
IRF1	ADD3-AS1	0
ETS1	MIR3917	0
LYAR	ARPC1B	0
NFATC2	PSMB8-AS1	0
KMT2A	ARPC2	0
ZNF48	SNHG16	0
ETS1	LINC00426	0
TSC22D3	ARPC4	0
IRF7	CKLF-CMTM1	0
FOXP1	FKBP1A-SDCBP2	0
NFATC2	LINC00861	0
SP100	SMC4	0
CREM	RNASEK-C17orf49	0
MAF	MIR1244-2	0
ARID4B	RNASEK-C17orf49	0
BHLHE40	PCNA-AS1	0
HIVEP2	PXN-AS1	0
ETV1	ACTR2	0
ZNF292	MIR1282	0
TBX21	ADA	0
KLF12	ARPC3	0
ZBTB38	ARPC2	0
HIVEP3	MIR4761	0
ZNF276	BCL2L11	0
IRF7	TRG-AS1	0
KLF10	CCDC18-AS1	0
IKZF1	MIR3917	0
BHLHE40	TSPAN5	0
FOXP1	ACTR3	1
KAT7	NDUFB2-AS1	0
IRF7	GABPB1-AS1	0
ZNF91	TSPAN32	0
NR3C1	MIR3064	0
NFATC2	MIR3615	0
NFATC2	MIR4680	0
TRPS1	ARPC1B	0
PHTF1	MINOS1-NBL1	0
HIF1A	SLMO2-ATP5E	0
NCOR1	ADD3-AS1	0
ZGPAT	ACTR2	0
ARID4B	ARPC3	0
ZNF83	MIR1282	0
JUNB	PSMB8-AS1	0
PRDM1	CKLF-CMTM1	0
IKZF3	MIR3917	0
IRF1	SMC4	0
RUNX3	KLRC4-KLRK1	0
CREM	FKBP1A-SDCBP2	0
MAF	RASA4B	0
RUNX3	LOC100131347	0
BCL11B	TRG-AS1	0
ID2	NDUFB2-AS1	0
NFATC2	UBE2F-SCLY	0
HIVEP2	SLMO2-ATP5E	0
ZBTB20	MIR4761	0
TSC22D3	MIR1244-2	0
STAT4	NBPF10	0
ID2	MINOS1-NBL1	0
KLF6	LINC00892	0
KAT7	MIR5047	0
NCOR1	ATP5J2-PTCD1	0
HOPX	CCDC18-AS1	0
NCOR1	ANAPC1P1	0
KLF10	FKBP1A-SDCBP2	0
CREM	LOC100507412	0
CREM	ARPC1B	0
ATF6B	NDUFB2-AS1	0
ZNF48	PXN-AS1	0
ZNF292	BCL2L11	0
MXD3	LINC00892	0
MAF	NDUFB2-AS1	0
ETV1	ARPC2	0
ZNF276	RNASEK-C17orf49	0
ZNF48	TRG-AS1	0
ZGPAT	PCNA-AS1	0
MSC	SH3BP5-AS1	0
RBPJ	MIR3917	0
ZNF91	ACTR2	0
JUNB	LOC100507412	0
IRF9	ADA	0
SP100	RPS10-NUDT3	0
PHTF2	SAE1	0
FOS	SH2D3C	0
HOPX	ARL4C	0
BCL11B	PMF1-BGLAP	0
EOMES	SH3BP5-AS1	0
NFKBIA	SENP3-EIF4A1	0
PHTF2	NBPF10	0
ZBTB20	LINC00426	0
FOXP1	LOC100289511	0
ZNF652	UBE2F-SCLY	0
DNAJC1	SLMO2-ATP5E	0
ZNF276	MIR497HG	0
LRRFIP1	ADAM8	0
JUNB	CKLF-CMTM1	0
LRRFIP1	ARPC5	1
LRRFIP1	LINC00892	0
JUNB	LINC00963	0
ZBTB38	MIR1244-2	0
ZBTB20	KLRC4-KLRK1	0
MXD3	MIR3615	0
HMGA1	LINC00963	0
ETS1	RASA4B	0
TRPS1	SMC4	0
ZNF83	LINC00426	0
HOPX	OST4	0
ZEB2	PCNA-AS1	0
KMT2A	ACTR2	0
HIF1A	LOC100507412	0
RBPJ	SLMO2-ATP5E	0
ATF6B	RPS10-NUDT3	0
NR3C1	RNASEK-C17orf49	0
DNAJC1	ARPC4	0
SP100	CCDC18-AS1	0
HIVEP2	ACTR3	0
ARID4B	EBLN3P	0
KDM2A	TSPAN32	0
HIVEP2	SH3BP5-AS1	0
MSC	ADA	0
KLF12	SENP3-EIF4A1	0
KLF6	ARPC1B	0
IKZF1	PCNA-AS1	0
CREM	PXN-AS1	0
ZNF276	EBLN3P	0
BATF	PSMB8-AS1	0
STAT4	LINC00892	0
TRERF1	TSPAN5	0
IRF7	PSMB8-AS1	0
ZBTB20	UBE2F-SCLY	0
PRDM1	ARPC4	0
ZNF652	MIR1244-2	0
ZNF276	LOC100289511	0
ZNF48	SH3BP5-AS1	0
ZNF652	ACTR2	0
SP100	BCL2L11	0
LYAR	ITGB2-AS1	0
ATRX	CCDC18-AS1	0
LYAR	LOC100130872	0
ZNF83	MIR4632	0
NR3C1	MIR1244-2	0
HMGA1	PXN-AS1	0
MXD3	NBPF10	0
TRERF1	TSPAN32	1
HIVEP3	TANK	0
KLF6	BLOC1S1-RDH5	0
CREM	ANAPC1P1	0
HOPX	EBLN3P	0
HIF1A	SENP3-EIF4A1	0
HMGA1	POC1B-GALNT4	0
HIVEP2	MIR4680	0
KLF12	LOC100130872	0
KMT2A	RPS10-NUDT3	0
CREM	ACTR3	0
KLF13	NBPF10	0
JUNB	MIR4632	0
RUNX2	SMC4	0
CREM	UBE2F-SCLY	0
PHTF1	PXN-AS1	0
STAT4	SMC4	0
IKZF1	ARL4C	0
ETV1	LOC100289511	0
TRPS1	NBPF10	0
SP140	LINC00861	0
SP100	GABPB1-AS1	0
RUNX2	ITGB2-AS1	0
NFKBIA	NEDD8-MDP1	0
CREM	EBLN3P	0
NR3C1	OST4	0
ZNF276	ITGB2-AS1	0
RUNX2	ACTR2	0
ZBTB20	POC1B-GALNT4	0
STAT4	LINC00426	0
HOPX	PPIF	0
NR3C1	PCNA-AS1	0
PRDM1	LINC00963	0
KMT2A	PPIF	0
RUNX2	LOC100131347	0
BCL11B	LOC100289511	0
KDM2A	LOC100130872	0
ID2	MIR1282	0
KMT2A	ATP5J2-PTCD1	0
PRDM1	PCNA-AS1	0
ETS1	BCL2L11	0
HMGA1	ANAPC1P1	0
ARID4B	MINOS1-NBL1	0
CREM	NEDD8-MDP1	0
ID2	BCL2L11	0
CREB3L2	MIR497HG	0
ATF6B	LINC00892	0
TRERF1	RNASEK-C17orf49	0
KDM2A	ACTR2	0
ETS1	LINC00963	0
FOSB	GABPB1-AS1	0
NR3C1	ITGB2-AS1	0
CREB3L2	LINC00426	0
IKZF1	LOC100289511	0
NFKBIA	ARL4C	0
KLF6	PSMB8-AS1	0
ZNF276	MINOS1-NBL1	0
ZNF652	ARPC2	0
ZNF292	PPIF	0
KLF6	LOC100507412	0
RUNX2	ARPC2	0
PHTF2	MIR3917	0
PRDM1	RASA4B	0
NFATC2	FKBP1A-SDCBP2	0
KAT7	NBPF10	0
IKZF3	LOC100507412	0
MSC	CCDC18-AS1	0
TRERF1	LINC00892	0
NFATC2	CKLF-CMTM1	0
IRF7	LOC100131347	0
BCL11B	OST4	0
HIVEP2	EBLN3P	0
TRERF1	LOC100289511	0
TRPS1	ACTR3	0
ZBTB38	ARPC4	0
HMGA1	BLOC1S1-RDH5	0
RUNX3	TANK	0
KLF6	ARPC3	0
IKZF3	PSMB8-AS1	0
SP100	PCNA-AS1	0
ZNF276	TSPAN5	0
EOMES	NEDD8-MDP1	0
IKZF1	MIR3615	0
IRF1	ACTR3	0
TRERF1	LOC100130872	0
HOPX	SAE1	0
LRRFIP1	SAE1	0
TBX21	EBLN3P	0
MAF	PPIF	0
PHTF2	SMC4	0
LYAR	RPS10-NUDT3	0
FOXP1	PXN-AS1	0
STAT3	ADD3-AS1	0
ZNF83	NDUFB2-AS1	0
CREB3L2	GABPB1-AS1	0
NCOR1	SH2D3C	0
IKZF1	CCDC18-AS1	0
DNAJC1	RPS10-NUDT3	0
HIF1A	MIR4632	0
TRERF1	BLOC1S1-RDH5	0
ATF6B	MIR4761	0
STAT1	SENP3-EIF4A1	0
TOX	PMF1-BGLAP	0
KLF6	SNHG16	0
KLF10	LOC100289511	0
MSC	RASA4B	0
IKZF1	SMC4	0
ETS1	ANAPC1P1	0
IKZF1	LOC100130872	0
ZNF91	ARPC3	0
HIVEP3	CCDC18-AS1	0
FOS	RASA4B	0
RUNX3	RNASEK-C17orf49	0
NR3C1	TSPAN32	0
TOX	MIR4632	0
HMGA1	ACTR3	0
NR3C1	RASA4B	0
JUNB	BCL2L11	0
TSC22D3	LINC00892	0
KAT7	ARPC4	0
ZBTB20	TRG-AS1	0
ZNF83	ARPC5	0
FOSB	ARL4C	0
PRDM1	NDUFB2-AS1	0
ATF6B	LOC100507412	0
KDM5B	MIR1282	0
HMGA1	SMC4	0
HIVEP2	LINC00861	0
HIVEP3	MIR3615	0
KDM5B	LOC100131347	0
PHTF1	CKLF-CMTM1	0
RUNX3	LINC00861	0
SP140	SNHG16	0
STAT1	FKBP1A-SDCBP2	0
ZGPAT	LINC00426	0
FOS	PXN-AS1	0
NFKBIA	ATP5J2-PTCD1	0
STAT4	SH3BP5-AS1	0
ETS1	ARPC3	0
STAT3	MIR3917	0
NR3C1	MIR1282	0
HIF1A	TSPAN5	0
KLF12	MIR1282	0
BHLHE40	MIR3917	0
PHTF2	CCDC18-AS1	0
PHTF2	EBLN3P	0
CREM	MIR3917	0
FOS	LOC100289511	0
ZNF652	LINC00892	0
CREM	ITGB2-AS1	0
ZNF292	MIR4632	0
BATF	MIR4632	0
ETV1	MIR3064	0
JUNB	MIR1282	0
SP140	MIR497HG	0
TSC22D3	ACTR2	0
TOX	ARPC5	0
PHTF1	MIR3917	0
RUNX2	SH2D3C	0
TRPS1	MIR3615	0
DNAJC1	ITGB2-AS1	0
TRPS1	TRG-AS1	0
KDM2A	BLOC1S1-RDH5	0
TSC22D3	MIR497HG	0
DNAJC1	MIR3615	0
KDM2A	ARPC2	0
ZGPAT	TSPAN5	0
EOMES	KLRC4-KLRK1	0
KMT2A	SMC4	0
ZGPAT	SENP3-EIF4A1	0
STAT3	ARPC3	0
HIVEP2	TANK	0
ARID4B	MIR4761	0
ZNF652	MIR1282	0
ID2	ARPC4	0
KLF10	GABPB1-AS1	0
ARID4B	SH2D3C	0
DNAJC1	ARPC1B	0
SP100	GIMAP1-GIMAP5	0
RUNX2	MIR4761	0
IRF7	OST4	0
KAT7	LOC100130872	0
KAT7	BCL2L11	0
PRDM1	ADAM8	0
ZNF683	MIR497HG	0
KAT7	MIR3615	0
KAT7	SLMO2-ATP5E	0
TBX21	FKBP1A-SDCBP2	0
TOX	SNHG16	0
BATF	LOC100507412	0
SP140	ANAPC1P1	0
BATF	ARPC4	0
TSC22D3	TSPAN32	0
CREM	RPS10-NUDT3	0
ZBTB20	GIMAP1-GIMAP5	0
ZNF83	LOC100507412	0
ZBTB38	LOC100507412	0
TRERF1	LINC00963	0
NFKBIA	ADAM8	0
IRF9	TSPAN32	0
MAF	SH3BP5-AS1	0
LRRFIP1	TSPAN32	0
BHLHE40	PSMB8-AS1	0
RUNX2	TSPAN32	0
IKZF1	FKBP1A-SDCBP2	0
ZBTB20	SLMO2-ATP5E	0
KMT2A	PSMB8-AS1	0
FOXP1	LINC00963	0
IKZF1	ARPC3	0
BCL11B	RNASEK-C17orf49	0
MAF	ANAPC1P1	0
ZNF276	ANAPC1P1	0
NFKBIA	TRG-AS1	0
ATRX	MIR1244-2	0
FOXP1	RPS10-NUDT3	0
FOS	ARPC5	0
IRF1	MIR3064	0
IRF1	MIR3615	0
ATF6B	ACTR2	0
LRRFIP1	LOC100507412	0
RUNX3	LINC00892	0
SP100	PMF1-BGLAP	0
ZBTB20	LOC100131347	0
KLF6	MIR497HG	0
ATRX	RASA4B	0
STAT3	NDUFB2-AS1	0
SP140	MIR4680	0
PHTF2	MIR4680	0
FOXP1	PMF1-BGLAP	0
IKZF3	LOC100131347	0
IRF9	ARPC2	0
CREM	SH2D3C	0
IRF1	CKLF-CMTM1	0
FOS	LOC100130872	0
SP140	MIR4761	0
NFKBIA	ACTR2	0
CREM	TRG-AS1	0
NR3C1	NEDD8-MDP1	0
ZNF652	ADA	0
RBPJ	MIR4761	0
MSC	KLRC4-KLRK1	0
STAT4	MIR4761	0
IRF1	LOC100131347	0
ZNF83	SERF2-C15ORF63	0
BCL11B	RPS10-NUDT3	0
KLF12	LOC100131347	0
TOX	RASA4B	0
HIVEP2	TSPAN32	0
KMT2A	GIMAP1-GIMAP5	0
IRF1	TRG-AS1	0
PHTF1	SENP3-EIF4A1	0
BCL11B	TSPAN5	0
ZGPAT	ARL4C	0
TRERF1	ARPC4	0
TOX	ATP5J2-PTCD1	0
IRF9	PCNA-AS1	0
JUNB	GIMAP1-GIMAP5	0
ZNF292	NDUFB2-AS1	0
TSC22D3	ADAM8	0
LRRFIP1	ACTR2	1
NFKBIA	ITGB2-AS1	0
NR3C1	ADD3-AS1	0
NFKBIA	UBE2F-SCLY	0
IKZF3	OST4	0
RUNX2	PXN-AS1	0
TOX	ACTR2	0
DNAJC1	MIR4761	0
NR3C1	NBPF10	0
STAT1	LOC100130872	0
ARID4B	ARPC5	0
KDM5B	LOC100130872	0
ZGPAT	SH3BP5-AS1	0
SP100	CKLF-CMTM1	0
IRF7	SNHG16	0
ZGPAT	LOC100507412	0
PRDM1	MIR3917	0
HOPX	LINC00963	0
IKZF1	SENP3-EIF4A1	0
JUNB	GABPB1-AS1	0
IKZF1	RASA4B	0
IKZF3	SNHG16	0
NR3C1	TANK	0
CREB3L2	OST4	0
KDM2A	SLMO2-ATP5E	0
KDM5B	LINC00861	0
SP140	LINC00426	0
STAT3	ANAPC1P1	0
ZEB2	PXN-AS1	0
KLF10	MIR3615	0
LRRFIP1	NDUFB2-AS1	0
DNAJC1	LINC00963	0
KDM2A	ADAM8	0
BCL11B	ARPC5	0
NFKBIA	SNHG16	0
FOSB	LOC100507412	0
CREB3L2	SNHG16	0
ETV1	MIR497HG	0
ATRX	LOC100130872	0
JUNB	SH2D3C	0
PHTF2	LOC100289511	0
KDM2A	MIR497HG	0
RUNX2	TSPAN5	1
EOMES	TSPAN5	0
ZGPAT	SMC4	0
PHTF1	GABPB1-AS1	0
ZGPAT	PSMB8-AS1	0
KDM5B	PMF1-BGLAP	0
IKZF1	ARPC5	0
ZGPAT	TRG-AS1	0
NCOR1	MIR3064	0
ZGPAT	RASA4B	0
KLF10	ARPC5	0
HIVEP2	MIR1244-2	0
TSC22D3	ARPC3	0
LYAR	CCDC18-AS1	0
ATF6B	GIMAP1-GIMAP5	0
ZBTB38	ADD3-AS1	0
ZBTB38	LINC00892	0
BHLHE40	LOC100507412	0
ZNF48	ARPC5	0
RBPJ	LOC100289511	0
STAT4	ARPC2	0
LYAR	GABPB1-AS1	0
KAT7	OST4	0
TRERF1	NEDD8-MDP1	0
HMGA1	MIR4632	0
ZNF652	PCNA-AS1	0
FOXP1	SH2D3C	0
ARID4B	ITGB2-AS1	0
NFATC2	LOC100289511	0
HIF1A	ATP5J2-PTCD1	0
ZGPAT	LINC00963	0
LRRFIP1	LINC00426	0
PRDM1	TRG-AS1	0
FOS	CKLF-CMTM1	0
PHTF1	NDUFB2-AS1	0
ZGPAT	MIR4632	0
STAT1	SH2D3C	0
IRF7	BCL2L11	0
ATF6B	PCNA-AS1	0
HIVEP2	RNASEK-C17orf49	0
MSC	SH2D3C	0
TRERF1	MIR4761	0
PHTF2	LINC00861	0
FOXP1	MIR4632	0
CREM	ACTR2	0
RBPJ	TSPAN32	0
PHTF2	FKBP1A-SDCBP2	0
KLF10	LINC00892	0
KDM2A	ARPC4	0
FOSB	SLMO2-ATP5E	0
IRF9	MIR5047	0
FOXP1	OST4	0
IKZF1	UBE2F-SCLY	0
ATRX	RNASEK-C17orf49	0
FOSB	MIR3064	0
ZNF683	GIMAP1-GIMAP5	0
MSC	RNASEK-C17orf49	0
RUNX3	MIR3917	0
PHTF1	TANK	1
SP140	MINOS1-NBL1	0
STAT1	KLRC4-KLRK1	0
JUNB	ARPC5	0
ZBTB38	POC1B-GALNT4	0
SP100	ATP5J2-PTCD1	0
ZEB2	NDUFB2-AS1	0
NCOR1	LOC100131347	0
STAT3	CCDC18-AS1	0
DNAJC1	PMF1-BGLAP	0
KLF12	OST4	0
KAT7	EBLN3P	0
ZNF83	BLOC1S1-RDH5	0
MSC	MIR3615	0
RUNX2	OST4	0
RBPJ	TRG-AS1	0
FOS	LOC100507412	0
IRF9	LINC00861	0
HIVEP3	MIR497HG	0
ZGPAT	SNHG16	0
ZNF652	TSPAN5	0
ATRX	MIR5047	0
MSC	MIR4632	0
ZEB2	NBPF10	0
FOS	ATP5J2-PTCD1	0
KDM5B	ITGB2-AS1	0
LRRFIP1	PMF1-BGLAP	0
KDM2A	UBE2F-SCLY	0
IKZF1	PXN-AS1	0
PHTF2	MIR1244-2	0
LRRFIP1	ARPC4	0
SP140	GABPB1-AS1	0
NR3C1	LINC00892	0
ETV1	LINC00426	0
TOX	SH3BP5-AS1	0
PHTF1	OST4	0
FOXP1	MIR497HG	0
TRPS1	SH3BP5-AS1	0
IRF7	CCDC18-AS1	0
CREM	ARPC5	0
LRRFIP1	ANAPC1P1	0
FOXP1	PCNA-AS1	0
IRF1	PPIF	0
IRF7	ARPC2	0
FOS	ARPC1B	0
RUNX2	SAE1	0
TBX21	OST4	0
CREB3L2	BLOC1S1-RDH5	0
FOSB	TANK	0
TRERF1	RASA4B	0
ZBTB20	MIR4680	0
IRF7	BLOC1S1-RDH5	0
ATRX	SNHG16	0
ATF6B	MIR3615	0
HMGA1	LINC00861	0
KLF10	NBPF10	0
ZNF292	NEDD8-MDP1	0
KMT2A	SH2D3C	0
HMGA1	MIR5047	0
ZNF276	UBE2F-SCLY	0
NFATC2	RASA4B	0
ZNF683	SLMO2-ATP5E	0
FOSB	ADAM8	0
ZNF683	KLRC4-KLRK1	0
MXD3	ADA	0
DNAJC1	SH3BP5-AS1	0
DNAJC1	TSPAN32	0
MSC	TSPAN32	0
TOX	SMC4	0
ATRX	ARPC2	0
HIF1A	ARPC4	0
PHTF2	OST4	0
ETS1	ADA	0
ZNF48	MIR3064	0
ATRX	ATP5J2-PTCD1	0
NFKBIA	ARPC1B	0
BCL11B	BLOC1S1-RDH5	0
ZGPAT	LOC100289511	0
PRDM1	ITGB2-AS1	0
TRERF1	SH2D3C	0
ETV1	MIR1244-2	0
FOXP1	MINOS1-NBL1	0
IRF7	MIR4680	0
RUNX3	LOC100507412	0
FOSB	ITGB2-AS1	0
NCOR1	CKLF-CMTM1	0
STAT3	RPS10-NUDT3	0
HIF1A	RPS10-NUDT3	0
MSC	CKLF-CMTM1	0
IRF1	ITGB2-AS1	0
IKZF1	BLOC1S1-RDH5	0
ZNF91	SENP3-EIF4A1	0
STAT3	CKLF-CMTM1	0
IRF9	PPIF	0
FOXP1	SLMO2-ATP5E	0
NFKBIA	SLMO2-ATP5E	0
KDM5B	TANK	0
LYAR	ARPC2	1
LRRFIP1	MIR497HG	0
ATF6B	LINC00426	0
TRERF1	SLMO2-ATP5E	0
FOXP1	SAE1	0
KAT7	MINOS1-NBL1	0
HIVEP2	SMC4	0
STAT1	SNHG16	0
ZBTB38	MIR3917	0
ZGPAT	SERF2-C15ORF63	0
TRPS1	MIR3064	0
ZGPAT	MIR1282	0
ZNF91	SERF2-C15ORF63	0
STAT4	PPIF	0
FOXP1	SNHG16	0
ZNF48	ATP5J2-PTCD1	0
KAT7	BLOC1S1-RDH5	0
HMGA1	LOC100131347	0
KAT7	ITGB2-AS1	0
EOMES	LOC100507412	0
BATF	EBLN3P	0
JUNB	SERF2-C15ORF63	0
TSC22D3	SENP3-EIF4A1	0
BATF	PPIF	0
IKZF3	SH2D3C	0
NFKBIA	POC1B-GALNT4	0
KLF6	RPS10-NUDT3	0
ZNF91	SMC4	0
ATRX	SLMO2-ATP5E	0
ZNF683	LINC00861	0
KLF10	MIR1244-2	0
ETS1	GABPB1-AS1	0
KLF6	NDUFB2-AS1	0
TSC22D3	LOC100131347	0
KMT2A	LOC100130872	0
ZEB2	LINC00892	0
IRF9	FKBP1A-SDCBP2	0
ZBTB38	PPIF	0
MXD3	SH3BP5-AS1	0
CREM	ARPC4	0
KAT7	LOC100289511	0
ZNF276	LINC00963	0
MXD3	FKBP1A-SDCBP2	0
JUNB	ATP5J2-PTCD1	0
ZNF83	GABPB1-AS1	0
ZNF683	RASA4B	0
TOX	TSPAN5	0
STAT3	LINC00861	0
SP100	LINC00892	0
PRDM1	GABPB1-AS1	0
BCL11B	MINOS1-NBL1	0
KLF13	LOC100507412	0
NFKBIA	MIR1282	0
ZEB2	NEDD8-MDP1	0
ZNF276	SH2D3C	0
HMGA1	LOC100289511	0
IRF1	SNHG16	0
ZNF652	MIR5047	0
FOS	MIR497HG	0
IKZF3	MIR4761	0
MSC	LOC100289511	0
IRF7	NDUFB2-AS1	0
ZEB2	MIR3064	0
HOPX	MIR3917	0
CREM	ADAM8	0
ATF6B	ATP5J2-PTCD1	0
IRF1	POC1B-GALNT4	0
KDM5B	ADAM8	0
ZBTB20	ATP5J2-PTCD1	0
NCOR1	NDUFB2-AS1	0
RUNX3	ARPC2	0
ZEB2	TANK	0
ZNF276	MIR3615	0
ARID4B	NBPF10	0
HIVEP2	MIR3917	0
ZNF683	UBE2F-SCLY	0
RUNX3	TSPAN5	0
MAF	ARPC3	0
PHTF1	SH2D3C	0
ETS1	RPS10-NUDT3	0
STAT4	ATP5J2-PTCD1	0
SP140	MIR4632	0
PHTF2	RASA4B	0
NFATC2	SENP3-EIF4A1	0
SP140	NBPF10	0
MXD3	LOC100130872	0
FOXP1	MIR3064	0
IRF9	CKLF-CMTM1	0
LRRFIP1	LOC100130872	0
ZBTB20	LINC00861	0
ARID4B	RPS10-NUDT3	0
KDM5B	GIMAP1-GIMAP5	0
ZNF48	SENP3-EIF4A1	0
ZNF83	ARPC1B	0
NCOR1	FKBP1A-SDCBP2	0
TRERF1	GABPB1-AS1	0
ZNF652	SENP3-EIF4A1	0
STAT3	MIR1282	0
BATF	PXN-AS1	0
STAT3	TANK	0
ETS1	ACTR2	0
ETS1	UBE2F-SCLY	0
PHTF2	PXN-AS1	0
SP140	POC1B-GALNT4	0
RUNX3	MIR3615	0
KLF6	TRG-AS1	0
PRDM1	MIR3615	0
ID2	TSPAN5	0
IKZF3	NDUFB2-AS1	0
ZBTB20	MIR1282	0
KLF6	MINOS1-NBL1	0
HIF1A	SH3BP5-AS1	0
LYAR	TSPAN5	0
ZBTB38	LOC100131347	0
JUNB	UBE2F-SCLY	0
ZEB2	ARPC3	0
NFATC2	LINC00426	0
TRERF1	UBE2F-SCLY	0
ZNF83	LINC00861	0
ZNF276	PSMB8-AS1	0
JUNB	ACTR2	0
ATF6B	GABPB1-AS1	0
TBX21	GABPB1-AS1	0
PHTF1	MIR4761	0
ZNF292	EBLN3P	0
DNAJC1	MIR5047	0
CREM	OST4	0
MAF	SLMO2-ATP5E	0
ZNF276	SMC4	0
ID2	ITGB2-AS1	0
HMGA1	NBPF10	0
HMGA1	RASA4B	0
PHTF2	POC1B-GALNT4	0
IKZF3	PPIF	0
ETS1	MIR4761	0
IKZF3	MIR5047	0
ZNF652	ARPC3	0
BHLHE40	MIR4761	0
LYAR	ARPC4	0
HOPX	SMC4	0
ARID4B	LINC00892	0
KDM5B	PCNA-AS1	0
HOPX	PCNA-AS1	0
TRPS1	SAE1	0
STAT3	ADA	0
ZBTB38	RASA4B	0
RBPJ	ARPC4	0
PHTF1	SH3BP5-AS1	0
HMGA1	ARL4C	0
BHLHE40	BCL2L11	0
CREB3L2	SENP3-EIF4A1	0
KLF10	ACTR2	0
TRPS1	MIR4680	0
LRRFIP1	MIR4632	0
KDM5B	SENP3-EIF4A1	0
NFATC2	KLRC4-KLRK1	0
ZBTB20	LOC100507412	0
STAT1	MIR4761	0
FOS	LINC00426	0
KLF10	PSMB8-AS1	0
FOS	GIMAP1-GIMAP5	0
BCL11B	ARPC4	0
ATF6B	BCL2L11	0
ARID4B	ACTR2	0
MXD3	ACTR3	0
FOS	ACTR2	0
EOMES	PCNA-AS1	0
TBX21	SMC4	0
ZNF652	RASA4B	0
ZNF91	MIR3917	0
ID2	RNASEK-C17orf49	0
EOMES	TRG-AS1	0
STAT1	LINC00861	0
JUNB	SLMO2-ATP5E	0
HIVEP3	PXN-AS1	0
ZNF48	BLOC1S1-RDH5	0
ID2	BLOC1S1-RDH5	0
TSC22D3	PPIF	0
TBX21	LINC00892	0
BCL11B	NDUFB2-AS1	0
TSC22D3	SAE1	0
ZBTB20	PPIF	0
ETV1	PCNA-AS1	0
ZBTB38	MIR4680	0
ZEB2	ADAM8	0
STAT4	TRG-AS1	0
DNAJC1	SMC4	0
MSC	EBLN3P	0
ZNF91	SH3BP5-AS1	0
CREB3L2	RPS10-NUDT3	0
ZGPAT	MIR1244-2	0
ZNF276	CKLF-CMTM1	0
KLF12	ACTR2	0
SP140	SENP3-EIF4A1	0
LRRFIP1	MIR4680	0
TRPS1	OST4	0
ETS1	SAE1	0
IRF1	MIR497HG	0
NFATC2	PMF1-BGLAP	0
TRPS1	LOC100130872	0
TRERF1	ARL4C	0
KLF13	LINC00426	0
ETS1	PSMB8-AS1	0
ZNF83	ACTR3	0
HMGA1	ARPC3	0
HOPX	ARPC5	0
PHTF2	MIR3615	0
HIVEP2	NDUFB2-AS1	0
RUNX2	SNHG16	0
JUNB	SMC4	0
BATF	SAE1	0
ARID4B	MIR497HG	0
HMGA1	SH2D3C	0
EOMES	MIR3615	0
EOMES	SERF2-C15ORF63	0
HIVEP2	GIMAP1-GIMAP5	0
ETS1	MINOS1-NBL1	0
SP140	ADD3-AS1	0
IKZF3	MIR497HG	0
KLF6	ACTR3	0
ZNF292	NBPF10	0
ZNF683	GABPB1-AS1	0
TRPS1	SH2D3C	0
ARID4B	PPIF	0
ZBTB38	TSPAN5	0
ZNF48	MIR3917	0
ZNF91	ITGB2-AS1	0
ZNF83	PMF1-BGLAP	0
ATF6B	UBE2F-SCLY	0
KDM2A	PCNA-AS1	0
KDM2A	EBLN3P	0
IKZF1	ARPC4	0
STAT3	LOC100507412	0
HOPX	ARPC1B	0
STAT1	TRG-AS1	0
ZBTB38	UBE2F-SCLY	0
KLF6	RASA4B	0
IRF7	MIR3615	0
KLF6	SENP3-EIF4A1	0
KLF12	MIR3917	0
ATRX	MIR3917	0
PRDM1	ADA	0
RBPJ	SNHG16	0
FOXP1	EBLN3P	0
TSC22D3	SMC4	0
KLF12	FKBP1A-SDCBP2	0
TRPS1	SENP3-EIF4A1	0
IRF7	LOC100289511	0
ATRX	EBLN3P	0
ZBTB38	ARL4C	0
SP100	MINOS1-NBL1	0
FOSB	NBPF10	0
MXD3	ADAM8	1
EOMES	ANAPC1P1	0
SP100	ADA	0
TSC22D3	GABPB1-AS1	0
KAT7	ADAM8	0
PHTF1	SMC4	0
TRERF1	TANK	0
KLF6	LOC100131347	0
ZEB2	OST4	0
ZNF292	ARPC2	0
FOS	EBLN3P	0
RBPJ	PCNA-AS1	0
FOS	ITGB2-AS1	0
TBX21	SERF2-C15ORF63	0
KAT7	TRG-AS1	0
KLF12	PSMB8-AS1	0
PHTF2	ARPC5	0
ZBTB20	ADAM8	0
IRF9	MIR4680	0
KMT2A	MIR497HG	0
JUNB	SH3BP5-AS1	0
FOXP1	ARPC3	0
TOX	ARPC1B	0
FOSB	TSPAN32	0
RUNX3	LINC00426	0
ZNF652	ARPC4	0
ATF6B	ACTR3	0
KDM2A	ARL4C	0
NFATC2	TSPAN5	0
NR3C1	ACTR3	0
ZNF48	PSMB8-AS1	0
RUNX3	ANAPC1P1	0
TRERF1	RPS10-NUDT3	0
ZEB2	ARPC5	0
SP140	TSPAN5	0
EOMES	LINC00426	0
ATF6B	ADA	0
STAT3	PPIF	0
ZNF292	LINC00426	0
TBX21	RPS10-NUDT3	0
ZBTB38	MIR4761	0
KLF13	SLMO2-ATP5E	0
EOMES	ATP5J2-PTCD1	0
TBX21	TANK	0
LRRFIP1	CKLF-CMTM1	0
FOXP1	ARPC5	0
HIVEP2	ITGB2-AS1	0
KLF12	ADD3-AS1	0
IKZF1	PMF1-BGLAP	0
KLF13	MIR497HG	0
IKZF1	TSPAN5	0
ZNF292	CCDC18-AS1	0
ETV1	SNHG16	0
HIVEP2	MIR4761	0
MXD3	SMC4	0
SP140	TRG-AS1	0
NCOR1	MIR4680	0
HIF1A	ARL4C	0
BHLHE40	PPIF	0
RUNX2	ACTR3	0
ATRX	BCL2L11	0
STAT1	ADD3-AS1	0
HMGA1	MIR1282	0
ARID4B	MIR3917	0
BATF	UBE2F-SCLY	0
MXD3	TANK	0
DNAJC1	TANK	1
ZNF683	ADD3-AS1	0
BHLHE40	TANK	0
KDM5B	ACTR2	0
NR3C1	ARL4C	0
ATF6B	SH3BP5-AS1	0
ETV1	GABPB1-AS1	0
KDM2A	SNHG16	0
KLF13	SERF2-C15ORF63	0
ZNF91	EBLN3P	0
IRF9	SH2D3C	0
PHTF2	LOC100131347	0
RUNX2	LINC00963	0
EOMES	OST4	0
FOS	RNASEK-C17orf49	0
BATF	ARPC1B	0
RUNX2	SH3BP5-AS1	0
IRF1	MIR4680	0
HIVEP2	ARPC1B	0
ARID4B	ADAM8	0
PHTF2	MINOS1-NBL1	0
RUNX2	CCDC18-AS1	0
SP100	RNASEK-C17orf49	0
JUNB	LOC100130872	0
HIVEP2	LINC00892	0
ZNF83	ARL4C	0
NFKBIA	MIR4632	0
KDM5B	LINC00963	0
NFKBIA	PSMB8-AS1	0
FOSB	PMF1-BGLAP	0
IRF1	GIMAP1-GIMAP5	0
IKZF1	TSPAN32	0
KDM2A	SH3BP5-AS1	0
ETV1	BCL2L11	0
CREB3L2	SH3BP5-AS1	0
PHTF2	GIMAP1-GIMAP5	0
ZEB2	PPIF	0
ZNF683	SERF2-C15ORF63	0
ZNF91	PMF1-BGLAP	0
TSC22D3	LINC00963	0
NFKBIA	ADA	0
STAT4	PMF1-BGLAP	0
IRF9	MIR1244-2	0
ZNF48	KLRC4-KLRK1	0
PHTF1	NEDD8-MDP1	0
DNAJC1	BLOC1S1-RDH5	0
NFATC2	ACTR3	0
JUNB	ARL4C	0
PHTF2	LOC100507412	0
SP100	MIR4632	0
SP140	PCNA-AS1	0
STAT4	CCDC18-AS1	0
ETV1	SERF2-C15ORF63	0
EOMES	ADAM8	0
DNAJC1	LOC100130872	0
LRRFIP1	UBE2F-SCLY	0
ARID4B	LINC00963	0
CREB3L2	LINC00892	0
BHLHE40	MIR5047	0
IRF9	ATP5J2-PTCD1	0
ZEB2	RPS10-NUDT3	0
NFKBIA	PCNA-AS1	0
SP140	ARPC4	0
IRF7	SAE1	0
HIF1A	ADD3-AS1	0
ZEB2	MIR497HG	0
STAT1	ACTR2	0
NR3C1	SH2D3C	0
KMT2A	LOC100507412	0
FOXP1	LOC100130872	0
FOXP1	MIR5047	0
IRF9	SAE1	0
PRDM1	MIR4680	0
HOPX	ARPC3	0
ETV1	TRG-AS1	0
ZNF652	MIR3917	0
RBPJ	LINC00963	0
MSC	TANK	0
KLF13	PSMB8-AS1	0
HIVEP2	TRG-AS1	0
ZNF91	OST4	0
TBX21	MIR3064	0
JUNB	MINOS1-NBL1	0
NFKBIA	MIR3615	0
STAT3	BLOC1S1-RDH5	0
HIVEP2	SH2D3C	0
CREM	GABPB1-AS1	0
EOMES	SAE1	0
CREM	ARPC3	0
KAT7	CKLF-CMTM1	0
RUNX2	NDUFB2-AS1	0
HIF1A	MIR3615	0
ZNF48	SH2D3C	0
ZGPAT	MIR4761	0
KLF6	ADA	0
IRF7	MIR1282	0
ZNF683	MIR1282	0
RBPJ	ANAPC1P1	0
STAT4	POC1B-GALNT4	0
TOX	PCNA-AS1	0
NFATC2	LINC00963	0
IRF7	ITGB2-AS1	0
KLF12	LINC00963	0
EOMES	MIR497HG	0
ATRX	FKBP1A-SDCBP2	0
JUNB	POC1B-GALNT4	0
RUNX2	MIR497HG	0
IRF7	MIR1244-2	0
ZNF292	PCNA-AS1	0
LRRFIP1	SNHG16	0
ZBTB20	BCL2L11	0
KAT7	MIR4761	0
TRPS1	MIR4632	0
IRF1	MIR5047	0
LRRFIP1	POC1B-GALNT4	0
NR3C1	MIR497HG	0
HIF1A	TRG-AS1	0
ZEB2	MINOS1-NBL1	0
LYAR	FKBP1A-SDCBP2	0
BHLHE40	GABPB1-AS1	0
RBPJ	MIR1282	0
ID2	ARPC3	0
ETV1	NDUFB2-AS1	0
KLF10	POC1B-GALNT4	0
BHLHE40	LINC00892	0
HIVEP2	ADD3-AS1	0
MAF	ADA	0
RBPJ	LINC00426	0
PHTF1	LINC00892	0
MSC	MINOS1-NBL1	0
KAT7	GIMAP1-GIMAP5	0
RBPJ	CCDC18-AS1	0
NR3C1	MIR4680	0
RBPJ	LOC100130872	0
KAT7	PXN-AS1	0
ZBTB20	LINC00963	0
FOXP1	SENP3-EIF4A1	0
CREM	RASA4B	0
HIVEP3	NDUFB2-AS1	0
ZNF652	ANAPC1P1	0
HIVEP2	GABPB1-AS1	0
LYAR	EBLN3P	0
ZEB2	KLRC4-KLRK1	0
KLF6	CKLF-CMTM1	0
TRPS1	TANK	0
PRDM1	SMC4	0
ZNF83	OST4	0
NCOR1	SENP3-EIF4A1	0
ZNF276	LOC100130872	0
ETS1	SENP3-EIF4A1	0
BATF	ACTR2	0
TRERF1	LINC00861	0
HIF1A	FKBP1A-SDCBP2	0
FOSB	LOC100131347	0
LYAR	SH2D3C	0
EOMES	NDUFB2-AS1	0
ZNF91	MIR4680	0
ATF6B	PXN-AS1	0
ZNF683	MIR3064	0
ZNF276	FKBP1A-SDCBP2	0
DNAJC1	ADD3-AS1	0
TOX	MIR1244-2	0
ZNF83	TANK	0
NR3C1	SMC4	0
KLF13	MIR4680	0
BATF	BCL2L11	0
RUNX3	RPS10-NUDT3	0
PHTF2	NDUFB2-AS1	0
ZEB2	SMC4	0
STAT4	ADA	0
TOX	TANK	0
CREB3L2	MIR5047	0
ETS1	FKBP1A-SDCBP2	0
MXD3	ACTR2	0
CREB3L2	TRG-AS1	0
HIVEP3	ITGB2-AS1	0
ZEB2	SH3BP5-AS1	0
ZBTB38	SH2D3C	0
SP100	SENP3-EIF4A1	0
IRF9	NBPF10	0
IKZF1	ADAM8	0
RUNX2	PPIF	0
PHTF1	SNHG16	0
ZNF83	LOC100289511	0
ATF6B	ANAPC1P1	0
RBPJ	ADD3-AS1	0
MXD3	RASA4B	0
KLF12	SH3BP5-AS1	0
LYAR	SMC4	0
NCOR1	ACTR2	0
NFATC2	EBLN3P	0
RUNX2	RASA4B	0
HIF1A	BLOC1S1-RDH5	0
ZNF292	LINC00963	0
HIVEP2	LOC100507412	0
ZNF683	NEDD8-MDP1	0
KLF6	SMC4	0
NFATC2	POC1B-GALNT4	0
NFKBIA	MIR497HG	0
KLF6	PMF1-BGLAP	0
ZNF292	MIR3615	0
KLF6	ARPC2	0
CREM	LINC00892	0
CREB3L2	RASA4B	0
ETV1	MINOS1-NBL1	0
NR3C1	GABPB1-AS1	0
HOPX	MIR5047	0
DNAJC1	RNASEK-C17orf49	0
IRF1	ANAPC1P1	0
ZNF83	PXN-AS1	0
ID2	ARPC1B	0
IKZF1	MIR4761	0
TSC22D3	MINOS1-NBL1	0
STAT1	LOC100507412	0
HMGA1	MIR3064	0
ZNF683	LINC00963	0
KLF12	SLMO2-ATP5E	0
ZNF292	FKBP1A-SDCBP2	0
DNAJC1	NDUFB2-AS1	0
IRF9	CCDC18-AS1	0
ZBTB20	MIR3917	0
HIVEP2	TSPAN5	0
DNAJC1	GIMAP1-GIMAP5	0
MXD3	LINC00426	0
TRPS1	SLMO2-ATP5E	0
ZNF652	ATP5J2-PTCD1	0
CREB3L2	SLMO2-ATP5E	0
ZNF91	MIR4761	0
BCL11B	MIR1244-2	0
BHLHE40	SLMO2-ATP5E	0
BATF	PMF1-BGLAP	0
TRPS1	MIR1244-2	0
ATRX	RPS10-NUDT3	0
SP140	PMF1-BGLAP	0
IRF9	GABPB1-AS1	0
PHTF1	LOC100131347	0
CREM	MIR1244-2	0
TOX	RNASEK-C17orf49	0
KMT2A	MIR5047	0
FOXP1	NEDD8-MDP1	0
ZBTB20	MIR4632	0
CREB3L2	ACTR3	0
IRF9	ARPC5	0
ZNF683	TANK	0
ETV1	MIR3615	0
ARID4B	ADA	0
RUNX3	ACTR3	0
TSC22D3	POC1B-GALNT4	0
ZBTB38	SNHG16	0
ZBTB20	EBLN3P	0
NFATC2	MIR1244-2	0
KLF6	CCDC18-AS1	0
KAT7	ACTR3	0
CREB3L2	MIR3917	0
ATRX	PMF1-BGLAP	0
CREB3L2	GIMAP1-GIMAP5	0
TRERF1	ADA	0
HIF1A	GIMAP1-GIMAP5	0
RUNX3	ARPC1B	0
ETV1	ARL4C	0
ZBTB38	ARPC3	0
ZNF91	PSMB8-AS1	0
KDM2A	MIR3064	0
FOS	MINOS1-NBL1	0
HIF1A	SMC4	0
JUNB	LOC100131347	0
DNAJC1	LINC00892	0
DNAJC1	KLRC4-KLRK1	0
KLF6	TANK	0
FOXP1	CCDC18-AS1	0
ZNF83	ACTR2	0
RBPJ	RASA4B	0
HOPX	LOC100289511	0
NCOR1	BLOC1S1-RDH5	0
SP140	RNASEK-C17orf49	0
HMGA1	ITGB2-AS1	0
DNAJC1	MIR1282	0
MAF	MIR3917	0
KAT7	ARPC5	0
PRDM1	ARPC3	0
JUNB	RPS10-NUDT3	0
LRRFIP1	ATP5J2-PTCD1	0
TOX	RPS10-NUDT3	0
RUNX3	LINC00963	0
IRF1	EBLN3P	0
STAT1	CCDC18-AS1	0
KMT2A	ITGB2-AS1	0
TOX	ITGB2-AS1	0
KLF13	MIR5047	0
ZGPAT	MINOS1-NBL1	0
IRF1	ARPC4	0
ZNF91	NBPF10	0
TOX	LINC00426	0
TOX	SLMO2-ATP5E	0
CREB3L2	ITGB2-AS1	0
TBX21	LINC00861	0
HIVEP2	MIR3064	0
NCOR1	MIR1244-2	0
ZNF91	PCNA-AS1	0
ZEB2	PMF1-BGLAP	0
KLF10	KLRC4-KLRK1	0
KDM2A	CKLF-CMTM1	0
STAT4	GIMAP1-GIMAP5	0
STAT1	TANK	0
IRF7	FKBP1A-SDCBP2	0
TSC22D3	ADD3-AS1	0
KAT7	LINC00861	0
KLF12	LOC100507412	0
STAT3	LOC100131347	0
SP100	SH2D3C	0
SP140	FKBP1A-SDCBP2	0
KMT2A	LINC00426	0
KMT2A	SH3BP5-AS1	0
NCOR1	RNASEK-C17orf49	0
HIVEP2	SNHG16	0
IRF9	UBE2F-SCLY	0
ID2	SLMO2-ATP5E	0
KLF6	ARPC4	0
CREB3L2	LOC100131347	0
KLF12	PPIF	0
STAT3	SNHG16	0
FOSB	SAE1	0
KDM2A	MIR4761	0
ZNF276	LOC100507412	0
HMGA1	LINC00892	0
ZNF652	MIR4680	0
EOMES	MIR4680	0
HMGA1	FKBP1A-SDCBP2	0
ZNF652	LINC00861	0
PHTF1	KLRC4-KLRK1	0
SP100	ARPC5	0
ZNF276	PMF1-BGLAP	0
CREM	BCL2L11	0
ETS1	SERF2-C15ORF63	0
KMT2A	LINC00861	0
LYAR	POC1B-GALNT4	0
NCOR1	MIR4632	0
HIVEP3	TSPAN5	0
TBX21	ADAM8	0
NFATC2	SMC4	0
TOX	CCDC18-AS1	0
CREM	ADD3-AS1	0
ZNF83	MIR4680	0
NFKBIA	CKLF-CMTM1	0
CREM	PSMB8-AS1	0
KAT7	MIR1244-2	0
HIVEP3	LOC100131347	0
NFATC2	LOC100130872	0
EOMES	SLMO2-ATP5E	0
ZEB2	LOC100131347	0
KDM5B	ATP5J2-PTCD1	0
ZNF652	PMF1-BGLAP	0
ZNF683	MIR4680	0
ZEB2	SH2D3C	0
ZNF276	BLOC1S1-RDH5	0
FOXP1	TSPAN32	0
KLF13	ACTR2	0
ZNF683	ARPC4	0
KDM2A	OST4	0
NFATC2	NDUFB2-AS1	0
FOXP1	UBE2F-SCLY	0
RBPJ	MIR4632	0
JUNB	BLOC1S1-RDH5	0
MAF	LINC00426	0
ETS1	TSPAN5	0
ETS1	NBPF10	0
HIF1A	LINC00963	0
LRRFIP1	SH2D3C	0
ZGPAT	BLOC1S1-RDH5	0
PRDM1	PSMB8-AS1	0
NFATC2	MIR4761	0
ETV1	UBE2F-SCLY	0
HOPX	POC1B-GALNT4	0
NFKBIA	SH3BP5-AS1	0
KDM5B	NDUFB2-AS1	0
ID2	MIR4680	0
BCL11B	LOC100507412	0
IRF9	SMC4	0
IKZF1	TRG-AS1	0
HIF1A	ARPC2	0
KDM2A	SERF2-C15ORF63	0
LYAR	TANK	0
BATF	BLOC1S1-RDH5	0
NR3C1	PSMB8-AS1	0
RUNX2	ANAPC1P1	0
KAT7	LOC100131347	0
KLF12	ARPC1B	0
RBPJ	LINC00892	0
TRERF1	ARPC5	0
ZNF48	LINC00426	0
STAT4	PXN-AS1	0
NR3C1	ATP5J2-PTCD1	0
KDM5B	UBE2F-SCLY	0
KDM2A	LINC00892	0
BATF	CCDC18-AS1	0
KDM2A	LOC100507412	0
NFKBIA	MIR4761	0
NFKBIA	SERF2-C15ORF63	0
STAT3	MIR1244-2	0
IRF1	LOC100130872	0
HIF1A	PSMB8-AS1	0
STAT3	ARPC5	0
TSC22D3	NDUFB2-AS1	0
HIVEP2	MIR5047	0
FOXP1	ADD3-AS1	0
HIVEP2	RPS10-NUDT3	0
IRF7	ARPC4	0
ATRX	UBE2F-SCLY	0
HIVEP2	SENP3-EIF4A1	0
HIVEP3	LINC00892	0
STAT4	ARPC4	0
STAT1	MIR1282	0
KLF6	LINC00861	0
ZNF292	TANK	0
ZNF276	MIR4632	0
ZNF48	RPS10-NUDT3	0
ZNF83	ARPC4	0
BHLHE40	BLOC1S1-RDH5	0
KLF13	CCDC18-AS1	0
RUNX3	SNHG16	0
PHTF1	RPS10-NUDT3	0
STAT4	MIR497HG	0
ZNF48	ARPC3	0
ZNF83	TSPAN5	0
ZGPAT	CKLF-CMTM1	0
ZBTB38	MIR3064	0
ATF6B	ARPC1B	0
IRF7	LINC00861	0
ZBTB38	MIR3615	0
ZBTB20	RASA4B	0
KMT2A	LINC00963	0
BHLHE40	MIR1282	0
ATF6B	POC1B-GALNT4	0
IKZF1	NEDD8-MDP1	0
STAT1	SH3BP5-AS1	0
ATF6B	PPIF	0
TSC22D3	RPS10-NUDT3	0
DNAJC1	ACTR2	0
NFKBIA	MINOS1-NBL1	0
KDM5B	SLMO2-ATP5E	0
STAT1	ARL4C	0
PHTF1	LINC00963	0
RUNX3	SH2D3C	0
ZNF83	SMC4	0
STAT1	ARPC2	0
EOMES	BCL2L11	0
MSC	MIR1244-2	0
NFKBIA	ARPC2	0
LRRFIP1	GIMAP1-GIMAP5	0
DNAJC1	FKBP1A-SDCBP2	0
JUNB	LINC00892	0
KLF13	POC1B-GALNT4	0
TBX21	NEDD8-MDP1	0
MAF	RNASEK-C17orf49	0
MXD3	GABPB1-AS1	0
PHTF2	ADD3-AS1	0
TRPS1	FKBP1A-SDCBP2	0
KAT7	SH2D3C	0
IKZF3	LINC00861	0
SP140	LOC100289511	0
FOS	SMC4	0
FOS	UBE2F-SCLY	0
LYAR	GIMAP1-GIMAP5	0
RBPJ	PMF1-BGLAP	0
HIVEP3	LINC00861	0
HIF1A	ACTR3	0
IKZF3	MINOS1-NBL1	0
CREB3L2	PMF1-BGLAP	0
ETV1	MIR1282	0
ZNF48	UBE2F-SCLY	0
TBX21	ARPC5	0
ZGPAT	RNASEK-C17orf49	0
IKZF1	ACTR2	0
SP140	TSPAN32	1
BATF	SNHG16	0
ATF6B	MIR5047	0
FOXP1	MIR3615	0
SP100	NEDD8-MDP1	0
PRDM1	LOC100289511	0
KDM5B	TRG-AS1	0
BHLHE40	ARL4C	0
TSC22D3	NBPF10	0
MXD3	LINC00963	0
BCL11B	SH3BP5-AS1	0
ZNF652	RPS10-NUDT3	0
HIF1A	LOC100289511	0
NFKBIA	FKBP1A-SDCBP2	0
TRPS1	ARPC2	0
TOX	ANAPC1P1	0
EOMES	LINC00963	0
STAT3	SERF2-C15ORF63	0
ZNF48	TSPAN32	0
KDM2A	CCDC18-AS1	0
BATF	LOC100289511	0
ATF6B	NBPF10	0
CREM	LINC00426	0
NFATC2	ACTR2	0
SP100	MIR3615	0
FOS	ARPC2	0
ZBTB38	ITGB2-AS1	0
BATF	RNASEK-C17orf49	0
KLF13	ADD3-AS1	0
SP100	ANAPC1P1	0
ZBTB20	ADD3-AS1	0
PHTF1	MIR4680	0
DNAJC1	LINC00426	0
PHTF2	ARPC4	0
ZBTB38	RNASEK-C17orf49	0
ETV1	LINC00861	0
KMT2A	ARPC1B	0
NCOR1	PXN-AS1	0
ZNF276	LINC00426	0
PHTF2	ADA	0
ZNF276	MIR3064	0
SP140	ACTR2	0
KLF6	MIR4680	0
STAT4	OST4	0
IRF7	ACTR2	0
KDM2A	PSMB8-AS1	0
FOXP1	SERF2-C15ORF63	0
BCL11B	ADA	0
ZNF48	MIR497HG	0
TBX21	ATP5J2-PTCD1	0
RBPJ	SAE1	0
ETS1	SNHG16	0
CREB3L2	SAE1	0
LYAR	KLRC4-KLRK1	0
RUNX2	MIR4680	0
ZBTB38	NDUFB2-AS1	0
ZBTB20	MIR1244-2	0
IRF9	BLOC1S1-RDH5	0
IRF7	ACTR3	0
HOPX	MINOS1-NBL1	0
KAT7	LINC00963	0
KDM2A	SENP3-EIF4A1	0
TRPS1	PMF1-BGLAP	0
PRDM1	ANAPC1P1	0
ZNF683	RNASEK-C17orf49	0
EOMES	RASA4B	0
PHTF2	BCL2L11	0
ATRX	GIMAP1-GIMAP5	0
HOPX	RASA4B	0
IKZF1	SERF2-C15ORF63	0
IRF7	RNASEK-C17orf49	0
RUNX3	MIR1244-2	0
FOS	ACTR3	0
HOPX	MIR4632	0
PHTF2	BLOC1S1-RDH5	0
RUNX3	MIR497HG	0
ZNF91	FKBP1A-SDCBP2	0
IRF1	LINC00963	0
ZBTB38	LINC00861	0
SP100	TRG-AS1	0
RUNX3	ARL4C	0
ZNF292	ATP5J2-PTCD1	0
DNAJC1	LOC100289511	0
ZEB2	TSPAN32	0
NFKBIA	CCDC18-AS1	0
NR3C1	BLOC1S1-RDH5	0
ETV1	MIR5047	0
MXD3	LOC100507412	0
ZNF292	ARPC1B	0
PRDM1	LOC100130872	0
HMGA1	LOC100130872	0
LRRFIP1	SERF2-C15ORF63	0
TOX	MIR5047	0
ZNF276	ARPC4	0
TBX21	KLRC4-KLRK1	0
TRERF1	GIMAP1-GIMAP5	0
BHLHE40	ARPC2	0
BCL11B	RASA4B	0
PRDM1	RPS10-NUDT3	0
JUNB	KLRC4-KLRK1	0
SP140	PXN-AS1	0
ZNF652	ADAM8	0
ARID4B	MIR3615	0
JUNB	EBLN3P	0
TRERF1	ANAPC1P1	0
IRF9	ARPC1B	0
TRPS1	UBE2F-SCLY	0
ZNF83	SH3BP5-AS1	0
NR3C1	SAE1	0
ZBTB38	MINOS1-NBL1	0
ARID4B	LINC00861	0
ETS1	ARPC5	0
KLF6	LINC00963	0
EOMES	ARPC1B	0
KDM2A	LINC00861	0
ZBTB38	TRG-AS1	0
TSC22D3	LOC100289511	0
ATRX	MIR3064	0
BCL11B	ADAM8	0
IKZF3	LINC00892	0
IRF7	ADAM8	0
ZNF292	PSMB8-AS1	0
BATF	OST4	0
TRPS1	GIMAP1-GIMAP5	0
RUNX2	PSMB8-AS1	0
EOMES	ARPC4	0
ZNF276	NEDD8-MDP1	0
KLF10	SAE1	0
TRERF1	FKBP1A-SDCBP2	0
RUNX3	ARPC3	0
IRF1	UBE2F-SCLY	0
TRPS1	RPS10-NUDT3	0
RUNX2	SENP3-EIF4A1	0
LRRFIP1	NBPF10	0
STAT1	OST4	0
PHTF1	LOC100507412	0
IRF9	LOC100131347	0
ZNF91	CCDC18-AS1	0
ETV1	TSPAN32	0
MXD3	SLMO2-ATP5E	0
CREM	MIR5047	0
TRERF1	SERF2-C15ORF63	0
TRERF1	OST4	0
ID2	OST4	0
ZGPAT	POC1B-GALNT4	0
KLF10	OST4	0
PRDM1	MINOS1-NBL1	0
RBPJ	RPS10-NUDT3	0
RBPJ	RNASEK-C17orf49	0
STAT1	NDUFB2-AS1	0
NFKBIA	LINC00426	0
SP100	MIR1282	0
STAT4	MIR1244-2	0
MXD3	OST4	0
KMT2A	SLMO2-ATP5E	0
NFKBIA	NDUFB2-AS1	0
IRF1	RNASEK-C17orf49	0
STAT1	PPIF	0
TOX	PSMB8-AS1	0
LYAR	SNHG16	0
CREM	GIMAP1-GIMAP5	0
ZNF683	ARPC2	0
RUNX3	OST4	0
IRF7	ARPC3	0
MAF	TSPAN5	0
ZBTB38	RPS10-NUDT3	0
ZNF292	SH3BP5-AS1	0
IRF1	FKBP1A-SDCBP2	0
KLF12	NEDD8-MDP1	0
CREB3L2	LOC100289511	0
PRDM1	MIR1244-2	0
BCL11B	MIR3917	0
FOSB	LINC00892	0
HOPX	TSPAN5	0
HOPX	LINC00426	0
IKZF3	CCDC18-AS1	0
TOX	MIR3615	0
ZNF276	ARPC5	0
TBX21	SH3BP5-AS1	0
CREB3L2	LINC00963	0
IRF7	NEDD8-MDP1	0
ZNF683	PXN-AS1	0
FOS	TANK	0
ZNF91	LOC100289511	0
BATF	MIR4680	0
DNAJC1	PXN-AS1	0
FOSB	MIR3615	0
MSC	ITGB2-AS1	0
DNAJC1	EBLN3P	0
DNAJC1	MIR3917	0
TOX	ACTR3	0
ZGPAT	OST4	0
RBPJ	PPIF	0
ID2	MIR4632	0
ZNF652	SLMO2-ATP5E	0
ZNF83	ITGB2-AS1	0
FOXP1	ADA	0
IKZF1	NDUFB2-AS1	0
ATF6B	SAE1	0
KLF6	LOC100130872	0
SP100	MIR1244-2	0
LRRFIP1	MIR1282	0
DNAJC1	ACTR3	0
IRF1	NBPF10	0
ATRX	MIR497HG	0
HOPX	LINC00861	0
ZEB2	ARPC1B	0
EOMES	RPS10-NUDT3	0
BATF	GIMAP1-GIMAP5	0
NCOR1	MIR3615	0
EOMES	SENP3-EIF4A1	0
ZNF292	UBE2F-SCLY	0
TRPS1	PSMB8-AS1	0
TBX21	MIR4632	0
ATF6B	SERF2-C15ORF63	0
ZNF683	LOC100507412	0
KAT7	LOC100507412	0
ZNF683	NDUFB2-AS1	0
LYAR	MIR497HG	0
ZNF652	NDUFB2-AS1	0
TRERF1	MIR4632	0
KAT7	GABPB1-AS1	0
HOPX	MIR3064	0
IKZF3	MIR4680	0
NR3C1	UBE2F-SCLY	0
KDM2A	LINC00426	0
ZNF276	MIR1244-2	0
KLF6	ACTR2	0
LYAR	UBE2F-SCLY	0
ZNF683	POC1B-GALNT4	0
FOSB	PPIF	0
ETS1	PXN-AS1	0
SP140	LINC00963	0
IKZF1	ACTR3	0
HIVEP3	LINC00963	0
PHTF1	TRG-AS1	0
IRF7	POC1B-GALNT4	0
STAT4	BCL2L11	0
IKZF3	SLMO2-ATP5E	0
SP140	SH3BP5-AS1	0
IRF9	MIR1282	0
TRERF1	ARPC2	0
ZNF652	MIR4761	0
IRF9	PXN-AS1	0
BCL11B	ARPC2	0
ZNF683	SMC4	0
KMT2A	ADAM8	0
ZNF292	TRG-AS1	0
IKZF1	MIR4632	0
EOMES	TSPAN32	0
FOS	NBPF10	0
ZNF83	PCNA-AS1	0
KLF13	MIR3064	0
ATRX	SH2D3C	0
IKZF3	ATP5J2-PTCD1	0
ZEB2	ITGB2-AS1	0
CREM	SNHG16	0
STAT4	LOC100289511	0
ZBTB38	ACTR3	0
PRDM1	GIMAP1-GIMAP5	0
KLF10	SH2D3C	0
HOPX	BLOC1S1-RDH5	0
IRF9	MIR4761	0
EOMES	CCDC18-AS1	0
NCOR1	LINC00963	0
RUNX2	UBE2F-SCLY	0
NFKBIA	MIR4680	0
KMT2A	TRG-AS1	0
ZNF48	SAE1	1
BCL11B	KLRC4-KLRK1	0
FOS	PPIF	0
BCL11B	PXN-AS1	0
STAT3	KLRC4-KLRK1	0
ID2	MIR3064	0
ZNF83	LINC00963	0
JUNB	MIR1244-2	0
LYAR	ANAPC1P1	0
PHTF1	FKBP1A-SDCBP2	0
LRRFIP1	TSPAN5	0
NR3C1	ARPC1B	0
ZEB2	TRG-AS1	0
RBPJ	SERF2-C15ORF63	0
RUNX2	RNASEK-C17orf49	0
LYAR	LOC100289511	0
PHTF1	ARPC3	1
NCOR1	MIR4761	0
ZNF683	TSPAN5	0
ZGPAT	NDUFB2-AS1	0
CREB3L2	ANAPC1P1	0
STAT4	MINOS1-NBL1	0
LRRFIP1	ARL4C	0
DNAJC1	ATP5J2-PTCD1	0
IKZF3	SENP3-EIF4A1	0
NFATC2	SLMO2-ATP5E	0
TSC22D3	CKLF-CMTM1	0
FOXP1	LINC00426	0
HIF1A	SNHG16	0
RBPJ	ARPC5	0
RUNX3	PPIF	0
HOPX	PMF1-BGLAP	0
ZNF83	LINC00892	0
HIVEP3	CKLF-CMTM1	0
RUNX2	ARPC3	0
MXD3	UBE2F-SCLY	0
NR3C1	LINC00426	0
RUNX3	MIR4761	0
ID2	MIR497HG	0
ZBTB20	SH3BP5-AS1	0
TOX	ARPC3	0
HIVEP3	MINOS1-NBL1	0
ZNF276	ARPC2	0
RUNX2	MINOS1-NBL1	0
ZNF292	SERF2-C15ORF63	0
KAT7	MIR4632	0
KLF12	ACTR3	0
TBX21	MIR1282	0
ZNF91	NDUFB2-AS1	0
RBPJ	TANK	0
RUNX3	NBPF10	0
LYAR	ACTR3	1
KAT7	CCDC18-AS1	0
SP100	ITGB2-AS1	0
BCL11B	LINC00892	0
LRRFIP1	MIR1244-2	0
STAT3	ACTR2	0
ZNF683	ITGB2-AS1	0
HIF1A	POC1B-GALNT4	0
ZNF683	PCNA-AS1	0
KAT7	SNHG16	0
IKZF1	LOC100507412	0
IKZF3	EBLN3P	0
ZNF652	MIR3615	0
ZNF83	FKBP1A-SDCBP2	0
ZNF652	ARL4C	0
IRF9	MIR3615	0
KLF12	BLOC1S1-RDH5	0
STAT3	PCNA-AS1	0
EOMES	BLOC1S1-RDH5	0
ZNF652	TANK	0
KDM2A	MIR1282	0
HIF1A	BCL2L11	0
ZNF292	ADD3-AS1	0
ZEB2	CCDC18-AS1	0
HIF1A	ADA	0
HIF1A	KLRC4-KLRK1	0
ETV1	MIR3917	0
ZBTB38	SENP3-EIF4A1	0
SP140	CKLF-CMTM1	0
ZNF91	UBE2F-SCLY	0
KDM2A	MINOS1-NBL1	0
ZNF652	ARPC5	0
KLF10	SH3BP5-AS1	0
HIF1A	LINC00892	0
LYAR	ADAM8	0
FOSB	NDUFB2-AS1	0
SP100	TSPAN5	0
HMGA1	GABPB1-AS1	0
HIF1A	MIR4761	0
IRF9	NDUFB2-AS1	0
ZNF83	MIR3615	0
SP100	LOC100289511	0
ID2	LINC00861	0
IKZF3	SMC4	0
ZNF83	MIR5047	0
ID2	MIR3615	0
NCOR1	LINC00892	0
RUNX3	CKLF-CMTM1	0
ZNF683	LINC00426	0
KLF12	SERF2-C15ORF63	0
ZNF652	NEDD8-MDP1	0
PHTF1	SLMO2-ATP5E	0
JUNB	ADA	0
ZNF48	ARL4C	0
ZNF276	PCNA-AS1	0
ATRX	ADAM8	0
BHLHE40	MIR3615	0
HIVEP2	PCNA-AS1	0
KMT2A	NDUFB2-AS1	0
HIVEP3	MIR1244-2	0
KLF12	ANAPC1P1	0
NFATC2	ANAPC1P1	0
ZNF683	SH3BP5-AS1	0
PRDM1	ARPC1B	0
RUNX2	MIR3917	0
ZNF276	KLRC4-KLRK1	0
PHTF2	UBE2F-SCLY	0
CREB3L2	MIR4680	0
ETS1	SH2D3C	0
RUNX2	TRG-AS1	0
NFKBIA	LOC100130872	0
TBX21	NBPF10	0
KAT7	RASA4B	0
EOMES	MINOS1-NBL1	0
ETV1	SH2D3C	0
SP100	UBE2F-SCLY	0
ZNF276	SENP3-EIF4A1	0
STAT4	LOC100130872	0
ZEB2	MIR4761	0
HIVEP3	SENP3-EIF4A1	0
ATRX	BLOC1S1-RDH5	0
ARID4B	GABPB1-AS1	0
ZEB2	ACTR3	0
ETS1	LINC00861	0
ETS1	MIR1244-2	0
TSC22D3	MIR3064	0
FOSB	LINC00963	0
KDM2A	MIR4680	0
STAT1	ARPC3	0
TRERF1	SAE1	0
NR3C1	PPIF	0
KAT7	PPIF	0
NFATC2	TANK	0
KLF10	NEDD8-MDP1	0
ARID4B	ARPC1B	0
ZNF91	RNASEK-C17orf49	0
ARID4B	CCDC18-AS1	0
HIVEP2	UBE2F-SCLY	0
HIVEP3	MIR1282	0
BHLHE40	UBE2F-SCLY	0
RUNX3	TRG-AS1	0
DNAJC1	ARPC3	1
ZNF292	MIR4680	0
FOS	LINC00963	0
ZNF652	CKLF-CMTM1	0
IKZF3	ADAM8	1
ETS1	SH3BP5-AS1	0
HIVEP3	PMF1-BGLAP	0
BHLHE40	EBLN3P	0
BHLHE40	ARPC3	0
NCOR1	POC1B-GALNT4	0
ARID4B	TRG-AS1	0
PRDM1	ADD3-AS1	0
TRERF1	MIR1244-2	0
ATRX	MIR1282	0
KLF13	SENP3-EIF4A1	0
PHTF2	LINC00963	0
ZBTB20	PCNA-AS1	0
FOS	MIR4632	0
PRDM1	MIR4761	0
EOMES	LINC00892	0
JUNB	LINC00426	0
ZNF683	ADA	0
STAT3	LINC00426	0
TBX21	TRG-AS1	0
HIVEP3	UBE2F-SCLY	0
IKZF1	PPIF	0
TRPS1	LINC00963	0
ZNF683	MIR1244-2	0
MAF	MINOS1-NBL1	0
ATF6B	LOC100131347	0
ARID4B	MIR1244-2	0
BCL11B	EBLN3P	0
NFATC2	MIR4632	0
TRPS1	CCDC18-AS1	0
ID2	SMC4	0
TOX	NBPF10	0
IRF1	KLRC4-KLRK1	0
ZBTB20	TSPAN32	0
MAF	ITGB2-AS1	0
JUNB	NBPF10	0
SP100	LINC00861	0
BATF	TRG-AS1	0
ZNF683	CCDC18-AS1	0
HIVEP2	ARL4C	0
ZNF683	PSMB8-AS1	0
DNAJC1	SENP3-EIF4A1	0
PHTF1	LOC100130872	0
KLF12	SH2D3C	1
PHTF1	LINC00426	0
MSC	SMC4	0
KMT2A	NEDD8-MDP1	0
LRRFIP1	SH3BP5-AS1	0
IRF9	ANAPC1P1	0
STAT1	BLOC1S1-RDH5	0
ZNF91	SH2D3C	0
KDM2A	ANAPC1P1	0
MAF	ADD3-AS1	0
KLF13	LINC00861	0
ID2	HIF1A-AS2	0
NR3C1	PMF1-BGLAP	0
TRPS1	TSPAN5	0
FOSB	HIF1A-AS2	0
KLF12	MIR1244-2	0
CREM	ADA	0
MAF	LOC100289511	0
CREM	BLOC1S1-RDH5	0
IKZF3	SH3BP5-AS1	0
TBX21	CCDC18-AS1	0
JUNB	ARPC1B	0
ATF6B	CKLF-CMTM1	0
BHLHE40	RPS10-NUDT3	0
ETS1	ARPC1B	0
ATF6B	PMF1-BGLAP	0
TRERF1	ARPC1B	0
NFATC2	MIR3064	0
KLF13	ADA	0
ZEB2	SAE1	0
SP140	ITGB2-AS1	0
ZNF652	SNHG16	0
ZNF292	RPS10-NUDT3	0
ARID4B	ARPC4	0
ZBTB38	SH3BP5-AS1	0
ARID4B	MIR3064	0
JUNB	SENP3-EIF4A1	0
KDM5B	LINC00426	0
SP140	GIMAP1-GIMAP5	0
TRERF1	MINOS1-NBL1	0
KMT2A	MIR3615	0
STAT1	ATP5J2-PTCD1	0
ARID4B	TSPAN32	0
NR3C1	LOC100507412	0
TRPS1	ARPC5	0
ARID4B	SH3BP5-AS1	0
SP140	KLRC4-KLRK1	0
TRERF1	SMC4	0
ATF6B	MIR497HG	0
ATRX	NBPF10	0
JUNB	PCNA-AS1	0
SP140	ARPC5	0
BCL11B	UBE2F-SCLY	0
FOXP1	RNASEK-C17orf49	0
KLF6	GABPB1-AS1	0
HIVEP2	PPIF	0
NR3C1	ARPC5	0
ATRX	PPIF	0
ZNF652	CCDC18-AS1	0
BHLHE40	ADAM8	0
TSC22D3	MIR5047	0
STAT3	ARPC2	0
ZNF91	ARPC2	0
TOX	MIR3064	0
ID2	PMF1-BGLAP	0
DNAJC1	MIR497HG	0
BATF	MIR1282	0
FOXP1	ARL4C	0
HIVEP3	FKBP1A-SDCBP2	0
STAT3	POC1B-GALNT4	0
NFATC2	MIR5047	0
KMT2A	TANK	0
ZNF276	POC1B-GALNT4	0
KLF6	LOC100289511	0
HIF1A	UBE2F-SCLY	0
LRRFIP1	MIR3615	0
FOSB	BCL2L11	0
PHTF1	PCNA-AS1	0
ATRX	CKLF-CMTM1	0
MAF	SNHG16	0
LRRFIP1	ADD3-AS1	0
HIF1A	RNASEK-C17orf49	0
KAT7	SENP3-EIF4A1	0
ATF6B	ARPC5	0
NR3C1	ANAPC1P1	0
ZNF683	ACTR3	0
KLF6	SLMO2-ATP5E	0
ZNF91	BCL2L11	0
MSC	LOC100131347	0
FOSB	SERF2-C15ORF63	0
HIVEP3	LINC00426	0
KLF13	GIMAP1-GIMAP5	0
KLF12	BCL2L11	0
KLF12	SAE1	0
ZBTB20	FKBP1A-SDCBP2	0
STAT1	MINOS1-NBL1	0
ZNF276	SNHG16	0
ZNF276	SLMO2-ATP5E	0
BATF	SLMO2-ATP5E	0
ARID4B	TANK	0
HOPX	MIR1244-2	0
NR3C1	FKBP1A-SDCBP2	0
FOXP1	CKLF-CMTM1	0
LRRFIP1	PSMB8-AS1	0
HOPX	MIR497HG	0
KAT7	LINC00892	0
NCOR1	ACTR3	0
SP100	OST4	0
ATF6B	MIR1282	0
HIVEP2	CCDC18-AS1	0
HMGA1	MIR3615	0
TBX21	ACTR2	0
KMT2A	CKLF-CMTM1	0
STAT1	TSPAN32	0
ZEB2	ARL4C	0
IRF7	SH3BP5-AS1	0
KLF6	LINC00426	0
LYAR	CKLF-CMTM1	0
TRERF1	MIR3615	0
NFATC2	BCL2L11	0
MAF	MIR3615	0
PHTF1	ACTR2	0
KDM2A	ACTR3	0
STAT4	NDUFB2-AS1	0
KLF13	OST4	0
BATF	ACTR3	0
NCOR1	GIMAP1-GIMAP5	0
TSC22D3	RASA4B	0
HIVEP3	ADA	0
KMT2A	TSPAN32	0
CREB3L2	ARPC5	0
ZNF292	RNASEK-C17orf49	0
STAT4	SENP3-EIF4A1	0
ETV1	PSMB8-AS1	0
MSC	TRG-AS1	0
PRDM1	MIR3064	0
CREB3L2	SMC4	0
FOS	PMF1-BGLAP	0
BCL11B	SAE1	0
KLF10	ANAPC1P1	0
ZBTB38	TANK	0
ETV1	EBLN3P	0
HOPX	SNHG16	0
KLF13	BLOC1S1-RDH5	0
LYAR	SENP3-EIF4A1	0
CREM	TSPAN32	0
MAF	SERF2-C15ORF63	0
ZNF83	TRG-AS1	0
IRF7	PMF1-BGLAP	0
MSC	LINC00426	0
LYAR	PPIF	0
RUNX2	POC1B-GALNT4	0
HOPX	PSMB8-AS1	0
STAT3	MIR3064	0
HIVEP3	ADD3-AS1	0
KLF6	MIR5047	0
KMT2A	MIR3064	0
ZBTB20	SNHG16	0
KLF12	MIR4761	0
LYAR	LINC00426	0
STAT3	MIR4761	0
KMT2A	SENP3-EIF4A1	0
ATF6B	MIR4680	0
NCOR1	ARL4C	0
ZEB2	LOC100507412	0
IKZF1	SLMO2-ATP5E	0
KMT2A	BCL2L11	0
NFKBIA	LINC00861	0
KAT7	PCNA-AS1	0
ID2	ADA	0
BCL11B	MIR4632	0
TBX21	ITGB2-AS1	0
KAT7	ACTR2	0
RUNX3	LOC100130872	0
ZNF276	PXN-AS1	0
ZNF292	LOC100507412	0
ETS1	BLOC1S1-RDH5	0
SP140	NDUFB2-AS1	0
CREB3L2	CKLF-CMTM1	0
PRDM1	OST4	0
STAT1	ADA	0
MAF	MIR4761	0
RUNX3	MIR4680	0
HIVEP2	MIR497HG	0
KDM5B	TSPAN5	0
IRF9	PMF1-BGLAP	0
ARID4B	ARL4C	0
JUNB	LOC100289511	0
TRPS1	ATP5J2-PTCD1	0
ETV1	FKBP1A-SDCBP2	0
TRERF1	MIR497HG	0
TRPS1	ARPC3	0
SP140	LINC00892	0
ETV1	SENP3-EIF4A1	0
STAT3	MINOS1-NBL1	0
ZEB2	ANAPC1P1	0
NR3C1	SERF2-C15ORF63	0
ZNF91	ARPC4	0
TRPS1	ITGB2-AS1	0
ZNF652	GIMAP1-GIMAP5	0
ATF6B	CCDC18-AS1	0
BHLHE40	MIR3064	0
PRDM1	PMF1-BGLAP	0
FOSB	PSMB8-AS1	0
IRF7	TSPAN32	0
ZBTB20	NBPF10	0
KLF6	ARPC5	0
MAF	RPS10-NUDT3	0
BHLHE40	TSPAN32	0
KAT7	TANK	0
FOS	MIR3615	0
STAT4	TSPAN32	0
BHLHE40	SERF2-C15ORF63	0
IKZF1	SAE1	0
SP100	MIR4680	0
DNAJC1	BCL2L11	0
BATF	ARL4C	0
IRF9	ARL4C	0
STAT3	LOC100130872	0
ZNF652	NBPF10	0
IRF7	LINC00963	0
TBX21	BLOC1S1-RDH5	0
IRF1	MIR4632	0
HOPX	MIR1282	0
ZNF292	ADAM8	0
IRF7	MIR4632	0
PHTF2	ARL4C	0
KDM5B	SERF2-C15ORF63	0
FOSB	ACTR2	0
HIVEP3	BLOC1S1-RDH5	0
RUNX2	SERF2-C15ORF63	0
BHLHE40	MIR4680	0
IRF1	PSMB8-AS1	0
ARID4B	ADD3-AS1	0
PHTF2	TANK	0
TBX21	CKLF-CMTM1	0
IKZF1	MIR1282	0
PRDM1	BLOC1S1-RDH5	0
KLF13	MIR1282	0
STAT1	UBE2F-SCLY	0
SP140	MIR1244-2	0
ZNF652	RNASEK-C17orf49	0
ETS1	ATP5J2-PTCD1	0
ZEB2	TSPAN5	0
FOSB	EBLN3P	0
PRDM1	MIR497HG	0
ZNF292	ACTR2	0
NCOR1	NBPF10	0
FOSB	RASA4B	0
STAT1	LOC100131347	0
KLF10	LINC00426	0
KDM2A	SH2D3C	0
TRERF1	SH3BP5-AS1	0
PHTF2	ARPC1B	0
FOS	TSPAN5	0
SP140	BCL2L11	0
KMT2A	EBLN3P	0
TRERF1	PPIF	0
EOMES	ACTR2	0
STAT1	SAE1	0
ZGPAT	TSPAN32	0
RUNX3	EBLN3P	0
ATF6B	TRG-AS1	0
IKZF1	EBLN3P	0
NCOR1	CCDC18-AS1	0
FOXP1	ARPC2	0
CREB3L2	ARPC3	0
ZGPAT	UBE2F-SCLY	0
PHTF2	ITGB2-AS1	0
MXD3	NDUFB2-AS1	0
ZNF91	TANK	0
ATRX	SAE1	0
KLF6	ADAM8	0
IKZF3	SERF2-C15ORF63	0
ZGPAT	PXN-AS1	0
ZBTB38	SAE1	0
RUNX2	ARPC4	0
KAT7	NEDD8-MDP1	0
IRF1	TSPAN5	0
RUNX3	UBE2F-SCLY	0
IRF1	SH3BP5-AS1	0
ETV1	SMC4	0
HIVEP3	RPS10-NUDT3	0
IRF9	SERF2-C15ORF63	0
ZEB2	ACTR2	0
TOX	LOC100130872	0
RUNX3	CCDC18-AS1	0
ZNF91	ATP5J2-PTCD1	0
KLF12	ADA	0
IKZF3	RPS10-NUDT3	0
KDM2A	NBPF10	1
STAT1	ARPC1B	0
ZNF292	MIR497HG	0
KLF13	ARPC2	0
STAT4	LINC00963	0
PRDM1	POC1B-GALNT4	0
ZNF48	HIF1A-AS2	0
TRERF1	BCL2L11	0
SP100	ARL4C	0
ID2	GABPB1-AS1	0
KMT2A	LOC100289511	0
ZNF652	MINOS1-NBL1	0
HMGA1	EBLN3P	0
KDM5B	NEDD8-MDP1	0
PRDM1	ACTR3	0
KLF10	GIMAP1-GIMAP5	0
FOXP1	TRG-AS1	0
ETV1	ANAPC1P1	0
IRF1	GABPB1-AS1	0
CREB3L2	PXN-AS1	0
HMGA1	ARPC2	0
KLF13	SH2D3C	0
BHLHE40	ADD3-AS1	0
RUNX3	PSMB8-AS1	0
SP140	MIR1282	0
PHTF2	RPS10-NUDT3	0
NFKBIA	MIR3917	0
ZNF83	UBE2F-SCLY	0
MAF	MIR1282	0
IKZF3	LOC100130872	0
STAT3	TRG-AS1	0
NCOR1	SAE1	0
KLF13	PMF1-BGLAP	0
KAT7	HIF1A-AS2	0
FOXP1	SH3BP5-AS1	0
ZNF276	ADAM8	1
NR3C1	EBLN3P	0
DNAJC1	CCDC18-AS1	0
STAT3	ADAM8	0
DNAJC1	PSMB8-AS1	0
ZNF652	ITGB2-AS1	0
KLF12	MIR3615	0
TSC22D3	PSMB8-AS1	0
HIF1A	CKLF-CMTM1	0
ATRX	KLRC4-KLRK1	0
NR3C1	CCDC18-AS1	0
KLF13	MIR3615	0
CREB3L2	NDUFB2-AS1	0
IKZF1	RPS10-NUDT3	0
ATF6B	FKBP1A-SDCBP2	0
ZNF276	LINC00892	0
ZBTB20	PXN-AS1	0
LYAR	NBPF10	0
IRF7	PCNA-AS1	0
JUNB	PMF1-BGLAP	0
ATF6B	ADD3-AS1	0
BCL11B	CKLF-CMTM1	0
CREM	LINC00861	0
NR3C1	TSPAN5	0
ZNF292	ITGB2-AS1	0
PHTF2	PPIF	0
NFATC2	SERF2-C15ORF63	0
ZBTB20	ARL4C	0
KLF12	ARPC4	0
SP100	FKBP1A-SDCBP2	0
TSC22D3	RNASEK-C17orf49	0
EOMES	MIR3917	0
KLF12	PCNA-AS1	0
KLF10	EBLN3P	0
ATRX	LINC00892	0
IRF1	MIR3917	0
ZNF276	RASA4B	0
RUNX2	PMF1-BGLAP	0
HIVEP2	MINOS1-NBL1	0
ZNF652	OST4	0
PHTF1	NBPF10	0
SP100	BLOC1S1-RDH5	0
FOS	ADA	0
KDM2A	RNASEK-C17orf49	0
IKZF1	MIR4680	0
ZNF292	ACTR3	0
TOX	TSPAN32	0
ZEB2	LINC00963	0
NFATC2	MIR3917	0
FOSB	ACTR3	0
HIVEP3	MIR4680	0
IKZF1	OST4	0
TRPS1	MINOS1-NBL1	0
TRERF1	CKLF-CMTM1	0
ZBTB38	ANAPC1P1	0
ZNF683	ACTR2	0
ZGPAT	PMF1-BGLAP	0
CREB3L2	HIF1A-AS2	0
BATF	MIR497HG	0
JUNB	MIR3917	0
LYAR	MIR4632	0
TSC22D3	CCDC18-AS1	0
CREM	MIR497HG	0
ARID4B	SLMO2-ATP5E	0
KLF10	ARPC2	0
RUNX3	TSPAN32	0
KMT2A	MIR1244-2	0
FOSB	LINC00426	0
KDM2A	FKBP1A-SDCBP2	0
TBX21	ARPC2	0
ZNF292	SNHG16	0
STAT4	ARPC5	0
KLF10	TSPAN32	0
NFATC2	ARPC5	0
ETS1	CKLF-CMTM1	0
ZNF83	MIR3917	0
HOPX	TSPAN32	0
FOS	BLOC1S1-RDH5	0
KLF10	TANK	0
ZNF683	ARPC3	0
KLF12	KLRC4-KLRK1	0
TRERF1	ARPC3	0
NFATC2	OST4	0
KLF10	MIR4680	0
HOPX	LOC100130872	0
ZBTB20	LOC100130872	0
TRPS1	SERF2-C15ORF63	0
NCOR1	PCNA-AS1	0
HMGA1	MIR497HG	0
TRPS1	CKLF-CMTM1	0
BHLHE40	CKLF-CMTM1	0
KMT2A	LOC100131347	0
STAT1	ARPC5	0
NR3C1	PXN-AS1	0
HMGA1	ACTR2	0
JUNB	ANAPC1P1	0
PRDM1	SNHG16	0
RBPJ	ADA	0
ZBTB38	PMF1-BGLAP	0
PHTF1	LOC100289511	0
ZNF83	CKLF-CMTM1	0
BCL11B	PCNA-AS1	0
FOSB	CKLF-CMTM1	0
PHTF2	MIR4761	0
BATF	SERF2-C15ORF63	0
HIVEP3	NEDD8-MDP1	0
EOMES	SMC4	0
ZGPAT	MIR3917	0
TBX21	MINOS1-NBL1	0
HIF1A	SAE1	0
KLF10	SENP3-EIF4A1	0
LYAR	TRG-AS1	0
NFATC2	RNASEK-C17orf49	0
ZNF683	NBPF10	0
IRF9	TSPAN5	0
STAT4	TANK	0
ATRX	MIR4632	0
ZBTB20	TSPAN5	0
MXD3	ADD3-AS1	0
KDM5B	MIR1244-2	0
HIVEP3	SLMO2-ATP5E	0
ARID4B	LINC00426	0
KLF6	PPIF	0
NFKBIA	ARPC4	0
TBX21	ARL4C	0
ZGPAT	MIR497HG	0
HIF1A	TANK	0
TRERF1	PSMB8-AS1	0
RBPJ	NBPF10	0
HOPX	FKBP1A-SDCBP2	0
PRDM1	ACTR2	0
ATRX	LOC100131347	0
MAF	EBLN3P	0
MAF	LINC00963	0
NFATC2	MINOS1-NBL1	0
ETS1	MIR3615	0
STAT3	LOC100289511	0
RUNX3	MIR4632	0
TRERF1	MIR4680	0
KDM5B	BCL2L11	0
NCOR1	HIF1A-AS2	0
ZNF292	RASA4B	0
LYAR	HIF1A-AS2	0
MAF	SMC4	0
LYAR	PXN-AS1	0
CREB3L2	ARPC1B	0
ATF6B	TSPAN5	0
ZNF292	GABPB1-AS1	0
IRF9	ARPC4	0
RUNX3	ACTR2	0
ZBTB20	SENP3-EIF4A1	0
MAF	MIR497HG	0
NFATC2	SNHG16	0
RBPJ	MIR497HG	0
PRDM1	MIR1282	0
MAF	ARPC4	0
KDM5B	MIR3064	0
IRF7	UBE2F-SCLY	0
KLF13	ARPC3	0
STAT1	PMF1-BGLAP	0
MAF	ACTR2	0
KDM2A	ARPC1B	0
KDM5B	ARPC2	0
IRF1	LINC00861	0
FOS	MIR4680	0
ETS1	TANK	0
KLF13	RPS10-NUDT3	0
RUNX3	FKBP1A-SDCBP2	0
LRRFIP1	LOC100131347	0
FOXP1	TSPAN5	0
NR3C1	LOC100131347	0
IRF9	RNASEK-C17orf49	0
HIVEP2	HIF1A-AS2	0
ETS1	LOC100507412	0
ATRX	PSMB8-AS1	0
PRDM1	TANK	0
RUNX2	LINC00426	0
FOSB	OST4	0
NFKBIA	SMC4	0
IRF7	MINOS1-NBL1	0
IRF9	PSMB8-AS1	0
RBPJ	ACTR3	0
KDM5B	ANAPC1P1	0
MSC	LINC00861	0
ZNF292	ARL4C	0
CREM	LOC100131347	0
PHTF1	PMF1-BGLAP	0
MXD3	ATP5J2-PTCD1	0
KLF13	KLRC4-KLRK1	0
LYAR	LINC00963	0
RUNX3	ATP5J2-PTCD1	0
ID2	ATP5J2-PTCD1	0
FOS	FKBP1A-SDCBP2	0
KDM5B	ACTR3	0
HIVEP3	KLRC4-KLRK1	0
KAT7	SERF2-C15ORF63	0
STAT1	EBLN3P	0
IKZF3	MIR3064	0
ATRX	MINOS1-NBL1	0
NFATC2	ARPC3	0
ATRX	SERF2-C15ORF63	0
IKZF3	CKLF-CMTM1	0
ZEB2	ARPC4	0
ZNF292	PMF1-BGLAP	0
KLF13	GABPB1-AS1	0
ATRX	LINC00963	0
RBPJ	MIR1244-2	0
RBPJ	SH3BP5-AS1	0
PHTF1	ARPC4	0
ZNF48	BCL2L11	0
BHLHE40	LOC100130872	0
MXD3	LINC00861	0
KDM2A	TANK	0
KLF13	HIF1A-AS2	0
MAF	CCDC18-AS1	0
KLF6	MIR3064	0
STAT4	CKLF-CMTM1	0
FOXP1	MIR3917	0
LRRFIP1	FKBP1A-SDCBP2	0
KLF12	ARL4C	0
STAT4	BHLHE40-AS1	0
EOMES	MIR4632	0
KDM2A	NDUFB2-AS1	0
FOSB	ADA	0
ZBTB20	NDUFB2-AS1	0
HIF1A	LOC100131347	0
MAF	MIR4632	0
BHLHE40	MIR497HG	0
NFATC2	NEDD8-MDP1	0
DNAJC1	SAE1	0
IRF9	LOC100507412	0
BCL11B	POC1B-GALNT4	0
ZGPAT	BHLHE40-AS1	0
KLF12	NBPF10	0
BHLHE40	ARPC5	0
NFATC2	RPS10-NUDT3	0
ZEB2	BCL2L11	0
HOPX	TRG-AS1	0
TOX	OST4	0
IKZF3	HIF1A-AS2	0
NFATC2	SH2D3C	0
KLF12	MINOS1-NBL1	0
IKZF3	ARPC4	0
ZNF683	SNHG16	0
HIVEP3	SERF2-C15ORF63	0
KDM5B	LINC00892	0
KMT2A	ACTR3	0
RUNX2	ADAM8	0
LYAR	MIR5047	0
HIVEP3	SAE1	0
HMGA1	MIR4680	0
ARID4B	SENP3-EIF4A1	0
DNAJC1	UBE2F-SCLY	0
BATF	ANAPC1P1	0
HIF1A	SH2D3C	0
CREM	BHLHE40-AS1	0
BCL11B	SNHG16	0
TSC22D3	ADA	0
BATF	MIR3615	0
TOX	NDUFB2-AS1	0
TBX21	LOC100130872	0
IRF7	PXN-AS1	0
ATF6B	LINC00963	0
KLF13	RASA4B	0
IRF1	TSPAN32	0
SP140	MIR3615	0
KAT7	ARPC3	0
PRDM1	LINC00861	0
KDM2A	ADD3-AS1	0
ZNF276	MIR5047	0
TRERF1	POC1B-GALNT4	0
ZBTB38	BLOC1S1-RDH5	0
TSC22D3	SNHG16	0
MAF	GIMAP1-GIMAP5	0
RUNX3	SMC4	0
NFATC2	LOC100507412	0
BATF	TSPAN32	0
RUNX2	BHLHE40-AS1	0
ZNF276	MIR4680	0
KDM5B	SMC4	0
ZEB2	MIR4680	0
STAT1	LINC00426	0
HOPX	RNASEK-C17orf49	0
KDM5B	MIR3615	0
ATRX	ARPC1B	0
BHLHE40	ACTR2	0
SP100	ADD3-AS1	0
KLF12	ATP5J2-PTCD1	0
CREM	MIR3615	0
BHLHE40	LINC00963	0
KLF10	MIR4632	0
ZNF276	NBPF10	0
STAT1	TSPAN5	0
ATRX	NDUFB2-AS1	0
KDM2A	PMF1-BGLAP	0
BCL11B	ACTR2	0
NFKBIA	LINC00963	0
KAT7	ANAPC1P1	0
ZNF83	PPIF	0
SP140	PSMB8-AS1	0
TSC22D3	TRG-AS1	0
ZGPAT	ACTR3	0
ZNF91	ACTR3	0
BHLHE40	NDUFB2-AS1	0
CREB3L2	MIR3615	0
PHTF1	PSMB8-AS1	0
KLF12	CCDC18-AS1	0
NCOR1	MIR3917	0
ZBTB38	ATP5J2-PTCD1	0
IRF9	LINC00963	0
ZNF292	ADA	0
MSC	ARPC4	0
KDM5B	EBLN3P	0
BHLHE40	FKBP1A-SDCBP2	0
FOSB	MIR1282	0
IKZF3	MIR4632	0
KLF12	PMF1-BGLAP	0
IRF1	ARPC1B	0
NFKBIA	BHLHE40-AS1	0
MAF	NBPF10	0
TBX21	NDUFB2-AS1	0
SP140	EBLN3P	0
ATF6B	LINC00861	0
MAF	BHLHE40-AS1	0
FOXP1	BCL2L11	0
KMT2A	LINC00892	0
ZNF652	POC1B-GALNT4	0
RUNX2	FKBP1A-SDCBP2	0
ID2	RPS10-NUDT3	0
BCL11B	LOC100130872	0
SP100	HIF1A-AS2	0
ZGPAT	MIR4680	0
ARID4B	PMF1-BGLAP	0
FOS	SENP3-EIF4A1	0
ETV1	LINC00892	0
NCOR1	LOC100507412	0
STAT3	SLMO2-ATP5E	0
HIVEP3	PPIF	0
HIVEP3	TRG-AS1	0
FOS	BHLHE40-AS1	0
RBPJ	ACTR2	0
ZEB2	UBE2F-SCLY	0
FOS	GABPB1-AS1	0
KLF13	MIR4761	0
PHTF2	ACTR2	0
TRPS1	LINC00426	0
STAT1	SERF2-C15ORF63	0
LYAR	MIR3615	0
KAT7	FKBP1A-SDCBP2	0
KLF10	RPS10-NUDT3	0
KAT7	ARPC1B	0
ATF6B	MINOS1-NBL1	0
ZEB2	FKBP1A-SDCBP2	0
KLF12	LINC00426	0
ZNF683	BCL2L11	0
IRF9	ITGB2-AS1	0
HIF1A	ARPC1B	0
ZEB2	ATP5J2-PTCD1	0
ZNF91	LINC00892	0
ZNF83	SENP3-EIF4A1	0
ATRX	SENP3-EIF4A1	0
IRF9	MIR3917	0
IKZF3	ARPC3	0
ZNF683	SAE1	0
IKZF1	CKLF-CMTM1	0
IRF9	ACTR2	0
ZNF48	GABPB1-AS1	0
FOS	KLRC4-KLRK1	0
KLF6	HIF1A-AS2	0
KAT7	ARPC2	0
ETV1	HIF1A-AS2	0
HMGA1	TANK	0
KAT7	PSMB8-AS1	0
ETS1	ACTR3	0
PHTF2	LINC00426	0
NFKBIA	EBLN3P	0
ATF6B	SNHG16	0
TSC22D3	BHLHE40-AS1	0
BHLHE40	SNHG16	0
BCL11B	BCL2L11	0
HIVEP2	LINC00963	0
ATF6B	ADAM8	0
KDM2A	HIF1A-AS2	0
TOX	SENP3-EIF4A1	0
KLF13	SMC4	0
ZNF652	PSMB8-AS1	0
NR3C1	CKLF-CMTM1	0
TBX21	MIR5047	0
PHTF1	ADA	0
IRF7	RPS10-NUDT3	0
MSC	FKBP1A-SDCBP2	0
HOPX	SENP3-EIF4A1	0
FOSB	MIR4632	0
IKZF3	ADA	0
SP100	SERF2-C15ORF63	0
MXD3	ARL4C	0
LRRFIP1	SMC4	0
PHTF1	PPIF	0
ZBTB38	ADA	0
ZNF276	MIR1282	0
TOX	GABPB1-AS1	0
FOSB	TRG-AS1	0
STAT1	LINC00963	0
LRRFIP1	MIR3917	0
KLF13	TSPAN32	0
TSC22D3	FKBP1A-SDCBP2	0
CREB3L2	MIR4632	0
PHTF1	UBE2F-SCLY	0
CREB3L2	PCNA-AS1	0
LRRFIP1	GABPB1-AS1	0
BCL11B	FKBP1A-SDCBP2	0
PHTF2	HIF1A-AS2	0
KLF10	LINC00963	0
ZBTB38	PCNA-AS1	0
ETS1	SLMO2-ATP5E	0
ZNF91	ARPC5	0
ZNF91	ARL4C	0
HIF1A	EBLN3P	0
BHLHE40	CCDC18-AS1	0
IKZF1	LINC00426	0
PHTF1	HIF1A-AS2	0
ZGPAT	RPS10-NUDT3	0
SP100	LINC00963	0
BHLHE40	TRG-AS1	0
IRF7	HIF1A-AS2	0
HIF1A	PPIF	0
BCL11B	ADD3-AS1	0
HIVEP3	SMC4	0
HOPX	NEDD8-MDP1	0
ZGPAT	ARPC3	0
ZBTB20	MIR497HG	0
PRDM1	SAE1	0
TRERF1	LINC00426	0
ZNF683	ARPC5	0
IRF9	TRG-AS1	0
STAT3	MIR4680	0
BCL11B	SH2D3C	0
IKZF1	ITGB2-AS1	0
ZNF276	NDUFB2-AS1	0
MAF	ARPC2	0
TBX21	LINC00963	0
TBX21	PMF1-BGLAP	0
PRDM1	LINC00892	0
NCOR1	ARPC2	0
PHTF1	BCL2L11	0
ZBTB38	ACTR2	0
KLF13	TRG-AS1	0
HIVEP3	RNASEK-C17orf49	0
IRF9	RPS10-NUDT3	0
ZNF652	LINC00963	0
RUNX2	LINC00892	0
STAT3	PMF1-BGLAP	0
STAT3	GIMAP1-GIMAP5	0
RBPJ	HIF1A-AS2	0
DNAJC1	SERF2-C15ORF63	0
ATRX	ARPC3	0
KMT2A	ADD3-AS1	0
KDM2A	LINC00963	0
MSC	LOC100130872	0
ZNF276	ACTR2	0
ARID4B	ACTR3	0
NCOR1	PMF1-BGLAP	0
IRF9	MIR3064	0
ATRX	MIR4761	0
ETS1	HIF1A-AS2	0
TRPS1	LOC100289511	0
PRDM1	EBLN3P	0
PRDM1	SH3BP5-AS1	0
SP140	PPIF	0
STAT3	MIR3615	0
NR3C1	SLMO2-ATP5E	0
KLF12	LINC00892	0
TOX	SH2D3C	0
KDM2A	RASA4B	0
KMT2A	PCNA-AS1	0
ID2	GIMAP1-GIMAP5	0
ZGPAT	BCL2L11	0
TBX21	LINC00426	0
FOS	MIR1244-2	0
LRRFIP1	MINOS1-NBL1	0
IRF1	PMF1-BGLAP	0
JUNB	TRG-AS1	0
STAT3	SAE1	0
KMT2A	TSPAN5	0
HOPX	SH3BP5-AS1	0
CREM	MIR4680	0
ZNF83	POC1B-GALNT4	0
IRF7	ARPC5	0
ZNF652	SH2D3C	0
TBX21	SENP3-EIF4A1	0
IRF1	ARPC3	0
BATF	ADAM8	0
ZNF83	ADA	0
KDM5B	GABPB1-AS1	0
PHTF2	SH2D3C	0
BHLHE40	ITGB2-AS1	0
RUNX3	ADA	0
RBPJ	POC1B-GALNT4	0
IRF7	LOC100507412	0
KAT7	RPS10-NUDT3	0
DNAJC1	SH2D3C	0
FOS	MIR3917	0
STAT1	PXN-AS1	0
IRF7	PPIF	0
TBX21	ADD3-AS1	0
PRDM1	PXN-AS1	0
ZNF292	ARPC5	0
KLF6	FKBP1A-SDCBP2	0
ZNF683	HIF1A-AS2	0
ZEB2	MIR3917	0
TRPS1	LINC00861	0
ZBTB38	BHLHE40-AS1	0
IRF1	SAE1	0
FOSB	GIMAP1-GIMAP5	0
HMGA1	MIR4761	0
MXD3	MIR4632	0
BHLHE40	ATP5J2-PTCD1	0
ID2	ACTR2	0
IKZF1	ANAPC1P1	0
LRRFIP1	TANK	0
ZNF292	GIMAP1-GIMAP5	0
ZNF48	MSC-AS1	0
HIVEP2	NBPF10	0
NR3C1	RPS10-NUDT3	0
BATF	LINC00426	0
HMGA1	CCDC18-AS1	0
ZNF276	ARPC1B	0
JUNB	LINC00861	0
ZNF83	MIR497HG	0
MXD3	CCDC18-AS1	0
SP100	LOC100131347	0
IRF7	SH2D3C	0
IRF9	LINC00426	0
DNAJC1	NEDD8-MDP1	0
JUNB	HIF1A-AS2	0
IKZF1	ARPC1B	0
ZBTB20	SERF2-C15ORF63	0
HIF1A	ARPC3	0
MSC	BHLHE40-AS1	0
TRPS1	BHLHE40-AS1	0
IKZF1	TANK	0
ZNF292	PXN-AS1	0
IRF9	MIR497HG	0
PHTF2	TRG-AS1	0
FOS	HIF1A-AS2	0
TSC22D3	ACTR3	0
ZNF91	MINOS1-NBL1	0
ZEB2	MIR4632	0
KLF6	UBE2F-SCLY	0
ZNF292	LOC100131347	0
ZNF83	KLRC4-KLRK1	0
LRRFIP1	HIF1A-AS2	0
ZNF292	TSPAN5	0
DNAJC1	HIF1A-AS2	0
KLF12	MIR4632	0
DNAJC1	MIR3064	0
CREB3L2	MIR3064	0
HIVEP2	LINC00426	0
FOSB	MIR1244-2	0
ETS1	PCNA-AS1	0
RUNX2	MIR1244-2	0
ARID4B	FKBP1A-SDCBP2	0
SP140	BLOC1S1-RDH5	0
NCOR1	BHLHE40-AS1	0
KAT7	LINC00426	0
HMGA1	TRG-AS1	0
NCOR1	TANK	0
KLF6	RNASEK-C17orf49	0
ZEB2	SENP3-EIF4A1	0
ZBTB38	GIMAP1-GIMAP5	0
ARID4B	UBE2F-SCLY	0
DNAJC1	PPIF	0
ZEB2	LINC00426	0
ZNF683	FKBP1A-SDCBP2	0
STAT4	RPS10-NUDT3	0
FOSB	ARPC3	0
KDM2A	MIR3917	0
KMT2A	HIF1A-AS2	0
KMT2A	RNASEK-C17orf49	0
ZBTB20	CCDC18-AS1	0
HIVEP3	ACTR3	0
EOMES	HIF1A-AS2	0
ZNF683	MIR3917	0
FOS	MSC-AS1	0
KDM5B	PPIF	0
ZNF683	MIR5047	0
ETV1	MIR4680	0
IRF7	BHLHE40-AS1	0
TBX21	HIF1A-AS2	0
IRF1	TANK	0
ZNF276	TANK	0
HIVEP2	ADAM8	0
SP100	MIR3917	0
SP140	MIR3917	0
ZEB2	HIF1A-AS2	0
ID2	FKBP1A-SDCBP2	0
ZNF292	SMC4	0
BHLHE40	PMF1-BGLAP	0
TRERF1	HIF1A-AS2	0
CREB3L2	ATP5J2-PTCD1	0
ZBTB20	HIF1A-AS2	0
TRPS1	PCNA-AS1	0
ZNF91	LINC00963	0
KLF10	SNHG16	0
ETS1	ADAM8	0
ZGPAT	FKBP1A-SDCBP2	0
IRF9	POC1B-GALNT4	0
ATRX	HIF1A-AS2	0
IKZF3	ARPC5	0
HIF1A	MIR3064	0
STAT3	PXN-AS1	0
HMGA1	RNASEK-C17orf49	0
HIF1A	MIR5047	0
NFKBIA	TANK	0
ZNF683	EBLN3P	0
PHTF1	GIMAP1-GIMAP5	0
ETS1	LOC100131347	0
STAT3	BHLHE40-AS1	0
BCL11B	BHLHE40-AS1	0
NR3C1	SNHG16	0
ZBTB20	TANK	0
HIF1A	ANAPC1P1	0
ZNF292	BHLHE40-AS1	0
RUNX3	GIMAP1-GIMAP5	0
ETS1	ARL4C	0
PRDM1	SERF2-C15ORF63	0
ZEB2	SLMO2-ATP5E	0
ETV1	ADAM8	0
EOMES	LOC100131347	0
ZNF652	MIR4632	0
KDM5B	BLOC1S1-RDH5	0
IKZF3	LINC00963	0
ZNF652	HIF1A-AS2	0
ZNF48	SERF2-C15ORF63	0
EOMES	MIR1244-2	0
HOPX	ADA	0
BHLHE40	LINC00861	0
BATF	SENP3-EIF4A1	0
FOSB	ARPC4	0
EOMES	FKBP1A-SDCBP2	0
ATF6B	MIR1244-2	0
FOSB	BHLHE40-AS1	0
KAT7	ARL4C	0
DNAJC1	NBPF10	0
ATF6B	LOC100289511	0
IRF9	BCL2L11	0
KLF13	BHLHE40-AS1	0
ZNF276	SAE1	0
ZNF652	MIR3064	0
KMT2A	MIR4761	0
NFKBIA	PPIF	0
SP140	ATP5J2-PTCD1	0
KLF6	SH2D3C	0
STAT3	TSPAN32	0
ZNF91	NEDD8-MDP1	0
HIVEP2	PSMB8-AS1	0
ZBTB20	MSC-AS1	0
HIVEP3	HIF1A-AS2	0
ATRX	BHLHE40-AS1	0
IRF1	NDUFB2-AS1	0
MXD3	MSC-AS1	0
NCOR1	LINC00426	0
JUNB	ARPC4	0
KMT2A	CCDC18-AS1	0
ZGPAT	LOC100131347	0
HIVEP2	BHLHE40-AS1	0
TBX21	MIR497HG	0
KAT7	ATP5J2-PTCD1	0
EOMES	PPIF	0
TOX	MIR3917	0
BCL11B	PPIF	0
EOMES	ARPC2	0
IRF1	HIF1A-AS2	0
FOS	PCNA-AS1	0
DNAJC1	ARL4C	0
KLF12	TANK	0
MAF	HIF1A-AS2	0
TRPS1	MIR497HG	0
KDM2A	LOC100289511	0
SP140	ADA	0
ARID4B	RASA4B	0
NR3C1	NDUFB2-AS1	0
TSC22D3	BLOC1S1-RDH5	0
ETS1	MIR1282	0
TRERF1	BHLHE40-AS1	0
RUNX2	MSC-AS1	0
MXD3	MIR1282	0
TBX21	MIR1244-2	0
CREB3L2	TANK	0
ZNF652	FKBP1A-SDCBP2	0
ZBTB38	GABPB1-AS1	0
FOXP1	MIR1282	0
ZBTB38	MIR497HG	0
PHTF1	MIR1282	0
PHTF1	MSC-AS1	0
KAT7	UBE2F-SCLY	0
ETS1	MIR4680	0
SP140	RASA4B	0
HIF1A	ITGB2-AS1	0
KAT7	TSPAN5	0
PHTF1	ARL4C	0
ZBTB20	SAE1	0
HOPX	BHLHE40-AS1	0
ID2	LOC100131347	0
KLF10	ACTR3	0
HMGA1	HIF1A-AS2	0
MSC	PXN-AS1	0
RBPJ	ARPC2	0
BATF	HIF1A-AS2	0
ETS1	ARPC2	0
HOPX	HIF1A-AS2	0
PRDM1	RNASEK-C17orf49	0
KAT7	RNASEK-C17orf49	0
ZNF292	BLOC1S1-RDH5	0
KMT2A	UBE2F-SCLY	0
SP140	SERF2-C15ORF63	0
PRDM1	HIF1A-AS2	0
ATF6B	BHLHE40-AS1	0
KLF13	ATP5J2-PTCD1	0
RUNX3	HIF1A-AS2	0
PRDM1	CCDC18-AS1	0
IKZF1	ATP5J2-PTCD1	0
FOSB	MIR4680	0
NFKBIA	HIF1A-AS2	0
SP140	ARPC1B	0
ARID4B	LOC100130872	0
ZNF652	BHLHE40-AS1	0
BCL11B	SENP3-EIF4A1	0
ZNF652	SH3BP5-AS1	0
ZNF276	BHLHE40-AS1	0
KLF13	TANK	0
NCOR1	SH3BP5-AS1	0
FOXP1	HIF1A-AS2	0
LRRFIP1	PCNA-AS1	0
FOXP1	NBPF10	0
NFATC2	HIF1A-AS2	0
IRF1	NEDD8-MDP1	0
KDM5B	MSC-AS1	0
ATRX	ADA	0
CREM	MSC-AS1	0
HIVEP3	MSC-AS1	0
SP140	TANK	0
KLF12	EBLN3P	0
KAT7	ADA	0
ZBTB38	HIF1A-AS2	0
BCL11B	MIR4680	0
SP100	BHLHE40-AS1	0
ZNF83	RNASEK-C17orf49	0
ARID4B	BCL2L11	0
STAT3	FKBP1A-SDCBP2	0
ETV1	BHLHE40-AS1	0
ZBTB38	LINC00963	0
ZNF91	RPS10-NUDT3	0
KDM5B	MIR4632	0
EOMES	RNASEK-C17orf49	0
KAT7	PMF1-BGLAP	0
PRDM1	FKBP1A-SDCBP2	0
KDM2A	BHLHE40-AS1	0
HIVEP3	ACTR2	0
FOXP1	LINC00892	0
NFKBIA	LOC100507412	0
KLF13	SAE1	0
ZNF83	ATP5J2-PTCD1	0
HMGA1	BHLHE40-AS1	0
ZBTB20	GABPB1-AS1	0
KLF13	MSC-AS1	0
ZNF652	MSC-AS1	0
ZBTB38	FKBP1A-SDCBP2	0
KDM5B	SAE1	0
ATRX	PXN-AS1	0
STAT1	MIR4632	0
CREB3L2	ARPC2	0
PHTF1	ADAM8	0
KMT2A	MIR4680	0
KLF13	LOC100289511	0
STAT1	ACTR3	0
ZNF48	ADAM8	0
BATF	NDUFB2-AS1	0
ZNF91	TRG-AS1	0
PHTF1	RNASEK-C17orf49	0
IKZF3	PMF1-BGLAP	0
HIF1A	BHLHE40-AS1	0
TRPS1	NDUFB2-AS1	0
ZNF292	SENP3-EIF4A1	0
FOS	SNHG16	0
SP100	ARPC1B	0
ARID4B	TSPAN5	0
HMGA1	MIR1244-2	0
KLF12	NDUFB2-AS1	0
MXD3	SH2D3C	0
ATF6B	NEDD8-MDP1	0
EOMES	ADA	0
KAT7	BHLHE40-AS1	0
ETV1	LOC100507412	0
FOSB	LINC00861	0
TRERF1	MIR1282	0
FOXP1	LINC00861	0
ZBTB20	BLOC1S1-RDH5	0
IKZF1	SNHG16	0
STAT1	ITGB2-AS1	0
NR3C1	ADA	0
KDM2A	TSPAN5	0
CREB3L2	LINC00861	0
TOX	BCL2L11	0
IKZF1	BHLHE40-AS1	0
HIF1A	LINC00426	0
ID2	SENP3-EIF4A1	0
IRF9	MINOS1-NBL1	0
HIVEP3	BHLHE40-AS1	0
JUNB	BHLHE40-AS1	0
KDM2A	MIR1244-2	0
FOS	LINC00892	0
KDM2A	GIMAP1-GIMAP5	0
BHLHE40	RNASEK-C17orf49	0
HIVEP2	ATP5J2-PTCD1	0
HMGA1	TSPAN32	0
STAT3	ATP5J2-PTCD1	0
TBX21	MIR3615	0
ZNF652	MIR497HG	0
ZNF91	GIMAP1-GIMAP5	0
RBPJ	PXN-AS1	0
NCOR1	ADAM8	0
STAT3	NBPF10	0
RUNX3	GABPB1-AS1	0
HMGA1	GIMAP1-GIMAP5	0
ZNF276	HIF1A-AS2	0
IKZF3	BHLHE40-AS1	0
KDM2A	SMC4	0
KLF13	MIR4632	0
ETV1	ACTR3	0
ETS1	TRG-AS1	0
NFKBIA	BLOC1S1-RDH5	0
ZBTB38	ARPC5	0
NR3C1	BHLHE40-AS1	0
ARID4B	BHLHE40-AS1	0
EOMES	ARL4C	0
SP100	PPIF	0
STAT1	SMC4	0
KDM2A	MSC-AS1	0
NFATC2	MIR1282	0
NFATC2	TRG-AS1	0
PHTF2	BHLHE40-AS1	0
ZGPAT	KLRC4-KLRK1	0
BATF	BHLHE40-AS1	0
STAT4	ACTR2	0
DNAJC1	LINC00861	0
KLF10	RASA4B	0
STAT3	HIF1A-AS2	0
MXD3	HIF1A-AS2	0
TSC22D3	MSC-AS1	0
TBX21	BHLHE40-AS1	0
ATRX	MIR3615	0
MXD3	BHLHE40-AS1	0
FOXP1	NDUFB2-AS1	0
IKZF1	MINOS1-NBL1	0
BATF	MSC-AS1	0
SP140	LOC100130872	0
KDM5B	ARPC4	0
LYAR	SAE1	1
CREB3L2	BHLHE40-AS1	0
ZBTB38	MSC-AS1	0
ATRX	ANAPC1P1	0
FOS	ADD3-AS1	0
BHLHE40	NEDD8-MDP1	0
ZEB2	BHLHE40-AS1	0
CREB3L2	UBE2F-SCLY	0
JUNB	NDUFB2-AS1	0
EOMES	MSC-AS1	0
TOX	SAE1	0
RBPJ	NDUFB2-AS1	0
EOMES	BHLHE40-AS1	0
TRPS1	HIF1A-AS2	0
HIF1A	MIR4680	0
BHLHE40	LINC00426	0
RBPJ	FKBP1A-SDCBP2	0
HIVEP2	MSC-AS1	0
IRF9	MSC-AS1	0
ZNF83	SLMO2-ATP5E	0
RUNX2	CKLF-CMTM1	0
PHTF2	SH3BP5-AS1	0
KDM5B	ARPC5	0
FOSB	POC1B-GALNT4	0
KMT2A	ARPC4	0
TRPS1	PXN-AS1	0
KLF10	BHLHE40-AS1	0
RBPJ	LOC100131347	0
NCOR1	MIR497HG	0
ZNF292	MIR4761	0
ARID4B	OST4	0
ZNF292	LINC00892	0
NCOR1	MSC-AS1	0
KLF12	BHLHE40-AS1	0
IKZF1	MIR1244-2	0
IRF9	HIF1A-AS2	0
STAT1	BHLHE40-AS1	0
CREM	CCDC18-AS1	0
ZNF91	MIR4632	0
MXD3	LOC100289511	0
LYAR	MSC-AS1	0
ATF6B	MIR4632	0
ETS1	MSC-AS1	0
ZNF292	HIF1A-AS2	0
IRF1	BHLHE40-AS1	0
PHTF1	TSPAN32	0
ZNF91	MIR1244-2	0
ZNF83	EBLN3P	0
SP100	SH3BP5-AS1	0
PHTF2	LINC00892	0
MXD3	SERF2-C15ORF63	0
ZNF48	SMC4	0
NFKBIA	ARPC3	0
KMT2A	MIR3917	0
HMGA1	MSC-AS1	0
JUNB	TANK	0
ZNF292	LOC100289511	0
IKZF3	MSC-AS1	0
LRRFIP1	LINC00861	0
MXD3	TSPAN32	0
IRF7	RASA4B	0
BCL11B	HIF1A-AS2	0
PHTF2	ACTR3	0
ZNF652	LINC00426	0
STAT1	PCNA-AS1	0
DNAJC1	BHLHE40-AS1	0
HOPX	SERF2-C15ORF63	0
ARID4B	MSC-AS1	0
ZGPAT	LINC00861	0
TRPS1	MIR1282	0
ZNF91	PPIF	0
STAT3	ACTR3	0
TOX	BHLHE40-AS1	0
SP140	ACTR3	0
ZNF276	SERF2-C15ORF63	0
SP100	MSC-AS1	0
CREM	TANK	0
FOSB	MSC-AS1	0
IRF1	RPS10-NUDT3	0
NCOR1	TSPAN32	0
ZGPAT	SAE1	0
MAF	MSC-AS1	0
KMT2A	OST4	0
CREM	HIF1A-AS2	0
KLF10	MSC-AS1	0
FOSB	PXN-AS1	0
HIF1A	MIR497HG	0
RBPJ	ARPC3	0
ZEB2	PSMB8-AS1	0
MAF	SAE1	0
NR3C1	MINOS1-NBL1	0
RBPJ	NEDD8-MDP1	0
ARID4B	POC1B-GALNT4	0
ATF6B	SENP3-EIF4A1	0
ETS1	MIR497HG	0
TBX21	TSPAN32	0
STAT3	MSC-AS1	0
EOMES	SH2D3C	0
CREM	MIR3064	0
KDM5B	MIR4761	0
STAT3	LINC00963	0
MAF	ATP5J2-PTCD1	0
MXD3	RPS10-NUDT3	0
NFATC2	ADAM8	0
ZBTB20	MIR3615	0
NFATC2	BHLHE40-AS1	0
IRF9	BHLHE40-AS1	0
DNAJC1	CKLF-CMTM1	0
STAT1	MIR1244-2	0
STAT3	SMC4	0
NFATC2	MSC-AS1	0
TOX	CKLF-CMTM1	0
IRF7	SENP3-EIF4A1	0
IKZF1	BCL2L11	0
KAT7	MIR497HG	0
STAT3	BCL2L11	0
ID2	BHLHE40-AS1	0
NCOR1	SMC4	0
JUNB	MSC-AS1	0
LRRFIP1	KLRC4-KLRK1	0
HOPX	ARPC4	0
RUNX3	SLMO2-ATP5E	0
ETV1	TANK	1
BCL11B	MSC-AS1	0
ZNF91	SLMO2-ATP5E	0
NR3C1	HIF1A-AS2	0
ZGPAT	TANK	0
KLF12	ARPC2	0
BHLHE40	HIF1A-AS2	0
ATF6B	RASA4B	0
NFKBIA	RNASEK-C17orf49	0
ETS1	POC1B-GALNT4	0
PRDM1	BHLHE40-AS1	0
KLF6	MSC-AS1	0
RUNX2	MIR1282	0
FOXP1	BHLHE40-AS1	0
ZNF276	ADA	0
MAF	SH2D3C	0
HIVEP3	SNHG16	0
ZBTB20	BHLHE40-AS1	0
TOX	MSC-AS1	0
NFKBIA	TSPAN5	0
BHLHE40	MSC-AS1	0
KMT2A	BHLHE40-AS1	0
FOXP1	MSC-AS1	0
ZGPAT	MSC-AS1	0
IRF9	SH3BP5-AS1	0
RBPJ	MSC-AS1	0
IRF7	MSC-AS1	0
KDM5B	MIR5047	0
TRERF1	PMF1-BGLAP	0
ARID4B	HIF1A-AS2	0
RBPJ	BLOC1S1-RDH5	0
ZEB2	BLOC1S1-RDH5	0
LYAR	BHLHE40-AS1	0
LRRFIP1	MSC-AS1	0
ARID4B	MIR4680	0
BATF	NBPF10	0
LRRFIP1	MIR4761	0
ZBTB38	NBPF10	0
STAT4	MSC-AS1	0
SP140	MSC-AS1	0
KLF12	CKLF-CMTM1	0
ZBTB38	MIR4632	0
PHTF1	SERF2-C15ORF63	0
PRDM1	MSC-AS1	0
KAT7	MSC-AS1	0
DNAJC1	TRG-AS1	0
ATRX	MSC-AS1	0
ZNF91	LOC100131347	0
IRF1	MSC-AS1	0
RUNX2	HIF1A-AS2	0
KAT7	MIR1282	0
ZBTB20	LINC00892	0
ARID4B	MIR5047	0
ZNF292	MSC-AS1	0
HOPX	GABPB1-AS1	0
KLF6	SAE1	0
TRPS1	MSC-AS1	0
NR3C1	TRG-AS1	0
FOS	SAE1	0
ZNF276	MSC-AS1	0
IKZF3	SAE1	0
ZGPAT	HIF1A-AS2	0
KMT2A	FKBP1A-SDCBP2	0
BCL11B	LINC00963	0
IKZF3	GIMAP1-GIMAP5	0
MAF	POC1B-GALNT4	0
IKZF1	LINC00963	0
NCOR1	MIR5047	0
SP140	HIF1A-AS2	0
ZNF652	ACTR3	0
TRERF1	MSC-AS1	0
TRERF1	MIR3917	0
TRPS1	ANAPC1P1	0
IRF9	EBLN3P	0
IRF9	SLMO2-ATP5E	0
LRRFIP1	BHLHE40-AS1	0
IKZF1	PSMB8-AS1	0
ZBTB20	LOC100289511	0
ZNF683	MSC-AS1	0
BHLHE40	SH3BP5-AS1	0
RBPJ	BHLHE40-AS1	0
ZBTB38	PXN-AS1	0
KMT2A	PMF1-BGLAP	0
KLF10	HIF1A-AS2	0
ZNF292	MIR3917	0
MSC	HIF1A-AS2	0
ETV1	POC1B-GALNT4	0
STAT1	ANAPC1P1	0
NR3C1	ARPC2	0
ATF6B	HIF1A-AS2	0
ID2	MSC-AS1	0
HOPX	NDUFB2-AS1	0
ZNF83	HIF1A-AS2	0
CREB3L2	MSC-AS1	0
HOPX	ADD3-AS1	0
NR3C1	SH3BP5-AS1	0
KLF10	MIR4761	0
IRF9	SENP3-EIF4A1	0
HMGA1	BCL2L11	0
NFKBIA	ACTR3	0
IKZF1	MSC-AS1	0
STAT1	MSC-AS1	0
FOSB	MINOS1-NBL1	0
PHTF2	MSC-AS1	0
ETV1	MSC-AS1	0
ATRX	LINC00426	0
TSC22D3	HIF1A-AS2	0
KLF12	LINC00861	0
KDM2A	POC1B-GALNT4	0
KDM5B	PXN-AS1	0
IRF1	MIR1244-2	0
HMGA1	MINOS1-NBL1	0
IRF1	LINC00426	0
ID2	TANK	0
HOPX	MSC-AS1	0
ID2	ANAPC1P1	0
BCL11B	ANAPC1P1	0
ZNF83	MIR3064	0
ZNF91	MSC-AS1	0
STAT4	SLMO2-ATP5E	0
SP140	BHLHE40-AS1	0
ZNF83	MSC-AS1	0
PHTF1	BHLHE40-AS1	0
IRF7	SMC4	0
DNAJC1	MINOS1-NBL1	0
ZNF683	BHLHE40-AS1	0
ZNF83	BHLHE40-AS1	0
ETS1	BHLHE40-AS1	0
ATF6B	MSC-AS1	0
NFKBIA	MSC-AS1	0
ZNF83	SNHG16	0
HIF1A	MSC-AS1	0
IRF7	ADA	0
PHTF2	TSPAN32	0
DNAJC1	MSC-AS1	0
ETV1	LOC100130872	0
NR3C1	MSC-AS1	0
BHLHE40	MIR1244-2	0
ZNF652	SERF2-C15ORF63	0
ZNF83	RPS10-NUDT3	0
TBX21	MSC-AS1	0
TOX	HIF1A-AS2	0
ZNF91	BHLHE40-AS1	0
KLF10	ADAM8	0
RUNX3	BHLHE40-AS1	0
PHTF2	ANAPC1P1	0
